variant,outcome,outcome_label,expected_shape,estimator,income_form,observations,countries,linear_coefficient,linear_p_value,quadratic_coefficient,quadratic_p_value,turning_point_ppp_constant_2021_intl_usd,income_p05,income_p95,turning_point_inside_p05_p95,slope_at_p05,slope_at_p05_standard_error,slope_at_p05_one_sided_p,slope_at_p95,slope_at_p95_standard_error,slope_at_p95_one_sided_p,intersection_union_endpoint_p,observations_above_turning_point,countries_above_turning_point,r_squared
baseline,export_product_gini,Export Product Gini,concentration_u,pooled_year_fe,level_ppp,3240,135,-0.01361606340295152,3.9667315900819385e-08,0.000867049284298318,2.4286057069262003e-05,78519.54698267626,2252.6688962301046,74162.49564974211,False,-0.013225428412104041,0.00239304493474991,1.632378854203997e-08,-0.0007555556479743163,0.0011580600822003184,0.7429387902723796,0.7429387902723796,141,10,0.34202922555173054
baseline,export_product_gini,Export Product Gini,concentration_u,between_country,level_ppp,135,135,-0.01490082629095078,9.9262651191942e-09,0.0010261552255806982,1.3874419418563266e-06,72605.12795478114,2303.747525475423,75706.79682911672,True,-0.014428025778613738,0.002507419679782831,4.354384367903514e-09,0.000636558744684091,0.001155440920048713,0.2908432992001643,0.2908432992001643,9,9,0.45957359506556006
baseline,export_product_gini,Export Product Gini,concentration_u,country_year_fe,level_ppp,3240,135,-0.0015077090333214666,0.6647838649675271,1.6001850109071216e-05,0.9333578506930947,471104.5982322907,2252.6688962301046,74162.49564974211,False,-0.0015004996593168984,0.0033993628123916747,0.3294594945231133,-0.0012703616055011026,0.0013344267843268555,0.8294490970099198,0.8294490970099198,0,0,0.7448533147448729
baseline,export_product_gini,Export Product Gini,concentration_u,pooled_year_fe,log_ppp,3240,135,-0.015583746371780033,0.5778532872683813,1.87099604863801e-05,0.9899334161663847,7.319705072893427e+180,2252.6688962301046,74162.49564974211,False,-0.015294869410224482,0.0055604577318980174,0.0029738636580704343,-0.01516411885965418,0.005888881951977061,0.9949886054738885,0.9949886054738885,0,0,0.34562573990983836
baseline,export_product_gini,Export Product Gini,concentration_u,between_country,log_ppp,135,135,-0.023635918948419272,0.42073527875904326,0.00044298940033835933,0.7751487783869839,385477144827.4425,2303.747525475423,75706.79682911672,False,-0.01677641198249845,0.00579543970390302,0.0018972374651989176,-0.013682280940334496,0.006120943966990763,0.987301892854511,0.987301892854511,0,0,0.4596724343793499
baseline,export_product_gini,Export Product Gini,concentration_u,country_year_fe,log_ppp,3240,135,-0.00034676791535592777,0.991878270166525,-0.0004651346371590502,0.793900377617729,0.6888299839026111,2252.6688962301046,74162.49564974211,False,-0.007528326678911965,0.007991826626465083,0.1730954872442892,-0.010778820443563916,0.008021642049277626,0.9104801147274946,0.9104801147274946,3240,135,0.7454460270408982
baseline,export_product_theil,Export Product Theil,concentration_u,pooled_year_fe,level_ppp,3240,135,-0.6457337733704875,9.55439608017082e-18,0.041272851662068934,1.8890962984017224e-08,78227.42400471658,2252.6688962301046,74162.49564974211,False,-0.6271389595309153,0.07220999975488036,1.8948400267743084e-18,-0.03355423700235982,0.04814432767547761,0.757083268245232,0.757083268245232,142,10,0.6394346061337643
baseline,export_product_theil,Export Product Theil,concentration_u,between_country,level_ppp,135,135,-0.7113797845458701,3.6180555684865553e-14,0.04858365873568678,2.395008948722992e-06,73211.83738096399,2303.747525475423,75706.79682911672,True,-0.688994887827694,0.0894565056459488,6.697127861057925e-15,0.024242851677686028,0.07405579963525022,0.3716980885498057,0.3716980885498057,9,9,0.6925982865273368
baseline,export_product_theil,Export Product Theil,concentration_u,country_year_fe,level_ppp,3240,135,0.07699673022055112,0.3787233376226983,-0.0022636544948444713,0.606762265323928,170071.73664513082,2252.6688962301046,74162.49564974211,False,0.0759768774060816,0.08562043339310761,0.812559737364317,0.04342107689526666,0.03507066449260707,0.10783903110465598,0.812559737364317,1,1,0.947304492757937
baseline,export_product_theil,Export Product Theil,concentration_u,pooled_year_fe,log_ppp,3240,135,-3.2212711515660164,1.725931264774081e-05,0.12829610181995615,0.0010376353049018194,283239.81218074827,2252.6688962301046,74162.49564974211,False,-1.2404124479813858,0.15452957827787683,4.993326556162821e-16,-0.34384262565632895,0.14206769741665806,0.992245572556007,0.992245572556007,0,0,0.7054170259617505
baseline,export_product_theil,Export Product Theil,concentration_u,between_country,log_ppp,135,135,-3.595474855156665,2.0421634329400455e-05,0.14702186328061084,0.0007912292299188541,204370.06805702503,2303.747525475423,75706.79682911672,False,-1.3189023354852925,0.17400794590439833,1.733746336716409e-14,-0.2920043765141247,0.1545232873574739,0.970601697872107,0.970601697872107,0,0,0.7628779234786132
baseline,export_product_theil,Export Product Theil,concentration_u,country_year_fe,log_ppp,3240,135,-1.7109889437526733,0.08270163687423042,0.09029575288701461,0.08059640311190934,13021.537915821471,2252.6688962301046,74162.49564974211,True,-0.31684582119718985,0.22068746817712184,0.0755407518833069,0.3141667035342932,0.22198526523098266,0.07849624672714506,0.07849624672714506,2017,97,0.9475624597054297
baseline,export_product_hhi,Export Product HHI,concentration_u,pooled_year_fe,level_ppp,3240,135,-0.040378560581719986,1.062173673292776e-06,0.002556220976985546,0.0003076486651039409,78980.96632736518,2252.6688962301046,74162.49564974211,False,-0.03922689668437073,0.007980485160909429,4.431145536359118e-07,-0.002463415164625969,0.004248114530343174,0.7190036974313427,0.7190036974313427,139,10,0.4310588043439292
baseline,export_product_hhi,Export Product HHI,concentration_u,between_country,level_ppp,135,135,-0.04575433666360836,4.036049979271606e-06,0.003063605303246483,0.000670736195796864,74674.00682314197,2303.747525475423,75706.79682911672,True,-0.044342782036330866,0.009538889798093758,1.6707241433821721e-06,0.0006328121878888399,0.005586444015627959,0.4549057190402841,0.4549057190402841,9,9,0.5223335100231723
baseline,export_product_hhi,Export Product HHI,concentration_u,country_year_fe,level_ppp,3240,135,0.04083637774120601,0.01604384380166974,-0.0016596291656726147,0.025966786846986684,123028.62165192138,2252.6688962301046,74162.49564974211,False,0.04008865874104861,0.016629015956486564,0.9920404609674353,0.01621992958532993,0.006401941019320894,0.005644947014568968,0.9920404609674353,41,5,0.829364718849866
baseline,export_product_hhi,Export Product HHI,concentration_u,pooled_year_fe,log_ppp,3240,135,-0.2929113518022162,0.003743377731574136,0.012672214083186886,0.014701185874281939,104529.92457219616,2252.6688962301046,74162.49564974211,False,-0.0972556365912032,0.02208166996853517,5.304817540387547e-06,-0.008698583275802363,0.017786925059307058,0.6875946132783505,0.6875946132783505,74,6,0.4710916122461273
baseline,export_product_hhi,Export Product HHI,concentration_u,between_country,log_ppp,135,135,-0.32394315338358226,0.004872239615358985,0.014124979614881917,0.016946098331455127,95514.25938142343,2303.747525475423,75706.79682911672,False,-0.10522370775403359,0.02477121276033639,1.0792929232808953e-05,-0.006565505406624705,0.020246042965994072,0.6271391871726504,0.6271391871726504,5,5,0.5750219452728469
baseline,export_product_hhi,Export Product HHI,concentration_u,country_year_fe,log_ppp,3240,135,-0.06588143914894917,0.6828328969954869,0.007213191678587094,0.40866079937300537,96.22920282781556,2252.6688962301046,74162.49564974211,False,0.045488378908382976,0.03328877233639972,0.914105527477894,0.09589622365134354,0.04228498018996656,0.011669008582765206,0.914105527477894,3240,135,0.8300164442898244
baseline,export_active_product_count,Export active-product count,count_inverted_u,pooled_year_fe,level_ppp,3240,135,800.7262773339805,8.461640759472558e-31,-51.19874535389147,2.7105976707582104e-11,78197.84174390121,2252.6688962301046,74162.49564974211,False,777.6595130970371,66.28709296165594,0.0,41.3209314179345,59.35483481362298,0.7568381598211619,0.7568381598211619,142,10,0.7334317141297393
baseline,export_active_product_count,Export active-product count,count_inverted_u,between_country,level_ppp,135,135,876.0690951663992,4.3290137182737282e-19,-59.7757541322889,9.12433942889708e-07,73279.63552141748,2303.747525475423,75706.79682911672,True,848.5274460332616,92.80717740604747,0.0,-29.017079513686895,96.02709218732443,0.3812589616843006,0.3812589616843006,9,9,0.7722627400321653
baseline,export_active_product_count,Export active-product count,count_inverted_u,country_year_fe,level_ppp,3240,135,234.08759271560785,0.003169998114282139,-12.278735062418363,0.0016855662984963985,95322.35671086426,2252.6688962301046,74162.49564974211,False,228.5556078035759,77.65432992860393,0.0016239638151012148,51.96326558542029,29.767809462756844,0.9595614452257835,0.9595614452257835,96,7,0.9649635041268577
baseline,export_active_product_count,Export active-product count,count_inverted_u,pooled_year_fe,log_ppp,3240,135,2731.2748944599084,0.0019139562783140195,-94.7804556692681,0.04702216232193715,1809260.580882147,2252.6688962301046,74162.49564974211,False,1267.8891182836335,150.06388785925427,0.0,605.5362089291762,197.5966560707439,0.9989098523014299,0.9989098523014299,0,0,0.7838144707931587
baseline,export_active_product_count,Export active-product count,count_inverted_u,between_country,log_ppp,135,135,2909.387611677797,0.0019910611475750374,-103.54594039649679,0.04177877130108758,1262717.631165943,2303.747525475423,75706.79682911672,False,1306.0217096944123,160.57028406203798,2.220446049250313e-16,582.7883586793623,209.69325024339898,0.9972757069837529,0.9972757069837529,0,0,0.8162438108847788
baseline,export_active_product_count,Export active-product count,count_inverted_u,country_year_fe,log_ppp,3240,135,2204.5112169791323,0.01175741469601635,-91.99745135314447,0.04269439678445466,159750.92121732602,2252.6688962301046,74162.49564974211,False,784.0943092525265,210.0603134142753,9.471518675951973e-05,141.1898293502627,201.21812331657162,0.7585592255086451,0.7585592255086451,3,1,0.9662518222342636
no_microstates,export_product_gini,Export Product Gini,concentration_u,pooled_year_fe,level_ppp,2602,107,-0.018416045544983717,2.60220492448094e-11,0.0013084177639699221,3.676159906115305e-06,70375.25036769168,2004.044756167649,65339.13789088628,False,-0.017891619993231613,0.0026612807792429512,8.904949595732825e-12,-0.001317867805200549,0.0017416995242680302,0.775372079560328,0.775372079560328,96,8,0.4945274390832668
no_microstates,export_product_gini,Export Product Gini,concentration_u,between_country,level_ppp,107,107,-0.019701952735564854,1.281895563356588e-09,0.0014813115576771808,8.586527909289148e-05,66501.71813436448,2071.247387668284,63196.47397187343,False,-0.019088320196732515,0.003103949381992767,3.881776237906456e-10,-0.0009792192757686058,0.002236133751786725,0.6692732553085832,0.6692732553085832,5,5,0.5487243139715805
no_microstates,export_product_gini,Export Product Gini,concentration_u,country_year_fe,level_ppp,2602,107,-0.006211650524093435,0.11965558538020978,0.00042493885403921134,0.037916755659438126,73088.75694760845,2004.044756167649,65339.13789088628,False,-0.006041331227667601,0.00391600765187619,0.061448498774832064,-0.0006586228482407894,0.001845821315801943,0.6393860871760989,0.6393860871760989,87,7,0.9083220726545147
no_microstates,export_product_gini,Export Product Gini,concentration_u,pooled_year_fe,log_ppp,2602,107,0.01848235275898635,0.5934093124606726,-0.0019473829553550179,0.29626622882311116,115.0576760836235,2004.044756167649,65339.13789088628,False,-0.011129251766190163,0.006713000343601919,0.04867230710001307,-0.024700266393871833,0.00732742042880792,0.9996254339050985,0.9996254339050985,2602,107,0.48090502392189083
no_microstates,export_product_gini,Export Product Gini,concentration_u,between_country,log_ppp,107,107,0.014595302726700243,0.6916650157052437,-0.0017467268464833323,0.37778786870117653,65.22877643257412,2071.247387668284,63196.47397187343,False,-0.012080382362402622,0.007004131683131465,0.04228618767340542,-0.024021347625042353,0.007586296150838839,0.9992283427858142,0.9992283427858142,107,107,0.5312972561808323
no_microstates,export_product_gini,Export Product Gini,concentration_u,country_year_fe,log_ppp,2602,107,-0.019547332457217775,0.581132653983405,0.0004636381690741113,0.8038578279697313,1429191137.131389,2004.044756167649,65339.13789088628,False,-0.012497322048301247,0.008886369929637409,0.07981051568813946,-0.00926629840338635,0.008856383370864307,0.8522851960082517,0.8522851960082517,0,0,0.9087599071881566
no_microstates,export_product_theil,Export Product Theil,concentration_u,pooled_year_fe,level_ppp,2602,107,-0.7978482087877652,1.989015460986035e-19,0.05986951419274219,6.164094835986136e-10,66632.2601365359,2004.044756167649,65339.13789088628,False,-0.7738519715933113,0.08489064846461777,3.9021495866426666e-20,-0.015483720127774103,0.05345440390905087,0.6139626606757382,0.6139626606757382,119,10,0.6749620813411907
no_microstates,export_product_theil,Export Product Theil,concentration_u,between_country,level_ppp,107,107,-0.8826665640222411,6.072601972434495e-17,0.07028359051550832,3.615046106256576e-08,62793.21798645714,2071.247387668284,63196.47397187343,True,-0.8535516233720023,0.10055847923432583,1.0501065544788371e-17,0.005668455710385212,0.07073094995402288,0.46806251976768876,0.46806251976768876,7,7,0.7177548208958899
no_microstates,export_product_theil,Export Product Theil,concentration_u,country_year_fe,level_ppp,2602,107,-0.04166694699744061,0.7176586358731838,0.006403751115438162,0.2854315840085796,32533.2342296923,2004.044756167649,65339.13789088628,True,-0.039100266228901295,0.11295102710168804,0.3646074490016219,0.04201616843266556,0.0474667437838297,0.18803229981839498,0.3646074490016219,821,42,0.9597027273855595
no_microstates,export_product_theil,Export Product Theil,concentration_u,pooled_year_fe,log_ppp,2602,107,-3.2720995014227854,0.00010044865619999014,0.1299105434294897,0.0034397823965293707,294685.5482213428,2004.044756167649,65339.13789088628,False,-1.2966998374242291,0.17487821912619295,6.087056796397225e-14,-0.39137308578370655,0.15807058796586926,0.9933556803699752,0.9933556803699752,0,0,0.7338862799388878
no_microstates,export_product_theil,Export Product Theil,concentration_u,between_country,log_ppp,107,107,-3.515698039404981,0.00017630761292068665,0.14178148592075546,0.003956236540098975,242388.5605581744,2071.247387668284,63196.47397187343,False,-1.3504377541453567,0.19457594009918694,1.9547501170541523e-12,-0.3811918748175729,0.16549490616756884,0.9893702819096931,0.9893702819096931,0,0,0.7748150948913555
no_microstates,export_product_theil,Export Product Theil,concentration_u,country_year_fe,log_ppp,2602,107,-2.0886457105057543,0.04913415705703582,0.10689108639700158,0.05796254697298417,17500.266415307036,2004.044756167649,65339.13789088628,True,-0.4632763557259951,0.237828637437286,0.025710960806764792,0.2816313128316965,0.2390431454775417,0.11936621234949096,0.11936621234949096,1289,63,0.9600614023898469
no_microstates,export_product_hhi,Export Product HHI,concentration_u,pooled_year_fe,level_ppp,2602,107,-0.045750427028230074,7.413762086046751e-07,0.003587801833129588,8.372220972737693e-05,63758.297080085154,2004.044756167649,65339.13789088628,True,-0.04431240393825967,0.00890655994642046,3.258095747396663e-07,0.0011343487117756734,0.0049562973022116855,0.40948490477281996,0.40948490477281996,143,11,0.5249029499805424
no_microstates,export_product_hhi,Export Product HHI,concentration_u,between_country,level_ppp,107,107,-0.05244308724335495,1.8084003005336576e-06,0.004327333997831499,0.0001720138927213135,60595.14619120581,2071.247387668284,63196.47397187343,True,-0.05065049139563962,0.010544392345959906,7.793937381803265e-07,0.0022513628289573123,0.00597892728273982,0.3532541648333166,0.3532541648333166,7,7,0.57805066735008
no_microstates,export_product_hhi,Export Product HHI,concentration_u,country_year_fe,level_ppp,2602,107,0.03295461162567488,0.07092121335763123,-0.0013225050710414762,0.10509631456217583,124591.62670628945,2004.044756167649,65339.13789088628,False,0.03242453975514972,0.017931856010933635,0.9647129948707117,0.015672343386039806,0.008420171278286455,0.03135192917508922,0.9647129948707117,9,2,0.8922585299305491
no_microstates,export_product_hhi,Export Product HHI,concentration_u,pooled_year_fe,log_ppp,2602,107,-0.3387915099984181,0.00243365322269849,0.015433395651340522,0.007942815554210192,58449.74049430441,2004.044756167649,65339.13789088628,True,-0.10411367878326314,0.024418265834475265,1.0050668673330616e-05,0.0034393002356775115,0.019212124464851175,0.4289621081591266,0.4289621081591266,241,16,0.5660285407339964
no_microstates,export_product_hhi,Export Product HHI,concentration_u,between_country,log_ppp,107,107,-0.36360485009839094,0.00489260532110763,0.016595034231079282,0.013685081875416095,57252.72356725144,2071.247387668284,63196.47397187343,True,-0.11016859698165188,0.02757836456827506,3.238164761262355e-05,0.0032782923729085534,0.02179492106187009,0.440218435104613,0.440218435104613,10,10,0.6250591957409664
no_microstates,export_product_hhi,Export Product HHI,concentration_u,country_year_fe,log_ppp,2602,107,-0.07440131743228479,0.6773375107733566,0.0071083718490854,0.4710093268787586,187.421214416048,2004.044756167649,65339.13789088628,False,0.03368748730650431,0.03511857000689193,0.8312835843604669,0.08322464592118059,0.046617842856542684,0.037110140670949865,0.8312835843604669,2602,107,0.8929139331185236
no_microstates,export_active_product_count,Export active-product count,count_inverted_u,pooled_year_fe,level_ppp,2602,107,969.4038265544048,1.1390722572351109e-33,-68.54393963423234,2.7480089058033803e-12,70714.04355566566,2004.044756167649,65339.13789088628,False,941.9308019961937,76.5179523057535,0.0,73.68344188526623,61.25603677965006,0.8854879257045576,0.8854879257045576,96,8,0.7257133813973635
no_microstates,export_active_product_count,Export active-product count,count_inverted_u,between_country,level_ppp,107,107,1057.9922256819275,8.576726208092455e-35,-79.08895342597187,7.452846670960583e-14,66886.21987343782,2071.247387668284,63196.47397187343,False,1025.229668046535,81.92626920372692,0.0,58.363628352499404,62.26229392127493,0.8257192603969041,0.8257192603969041,5,5,0.7740710142440089
no_microstates,export_active_product_count,Export active-product count,count_inverted_u,country_year_fe,level_ppp,2602,107,337.90565369647277,0.009557991357805228,-19.635809490044714,0.002498513873647481,86043.219625804,2004.044756167649,65339.13789088628,False,330.03544548814654,127.94043577624016,0.004945707472577832,81.30828092263175,57.61745877564776,0.9209033968426286,0.9209033968426286,53,4,0.9555486389543344
no_microstates,export_active_product_count,Export active-product count,count_inverted_u,pooled_year_fe,log_ppp,2602,107,2244.252856395141,0.01131476852273037,-64.54216773079652,0.17744154946809243,35531943.74327004,2004.044756167649,65339.13789088628,False,1262.8346197887026,163.80008694264558,6.328271240363392e-15,813.0501025891867,182.255056201967,0.9999959221708044,0.9999959221708044,0,0,0.7815053709645053
no_microstates,export_active_product_count,Export active-product count,count_inverted_u,between_country,log_ppp,107,107,2234.5658471964593,0.01947614220540869,-62.91285548452808,0.2223835398907419,51609429.13285828,2071.247387668284,63196.47397187343,False,1273.7725071614677,174.76748989904877,1.5687451337953462e-13,843.6879616432673,190.98916577851654,0.9999950067390209,0.9999950067390209,0,0,0.8212799288261863
no_microstates,export_active_product_count,Export active-product count,count_inverted_u,country_year_fe,log_ppp,2602,107,2096.81045486363,0.07072807984827997,-84.44722211703552,0.19097860257586474,246450.56180952644,2004.044756167649,65339.13789088628,False,812.7190347846658,240.7590530099556,0.00036820358346312254,224.2192312581201,334.69502699624184,0.7485459278879225,0.7485459278879225,0,0,0.9570240484431761
no_microstates_or_major_oil,export_product_gini,Export Product Gini,concentration_u,pooled_year_fe,level_ppp,2160,88,-0.022564520538777062,1.0366837529290373e-14,0.0018162049401169661,5.441426811654556e-10,62119.973468753684,1747.6748569947295,62783.22972293275,True,-0.021929693396978655,0.0028254533574107355,4.197272059120128e-15,0.00024092185708069966,0.0016392077952039573,0.441576047163713,0.441576047163713,118,10,0.4775633158880819
no_microstates_or_major_oil,export_product_gini,Export Product Gini,concentration_u,between_country,level_ppp,88,88,-0.025358775429955214,4.76556181877985e-13,0.002199910861312762,2.6510542563507195e-07,57635.91579074883,1951.2658861698824,62079.87338353759,True,-0.024500253226696377,0.0033543314081322115,1.3960113166833928e-13,0.0019552621151178624,0.0025196599344495655,0.21887378922730072,0.21887378922730072,6,6,0.5250538949022834
no_microstates_or_major_oil,export_product_gini,Export Product Gini,concentration_u,country_year_fe,level_ppp,2160,88,-0.005111961985711842,0.28887240482076804,0.0004495820493688956,0.08736683972678101,56852.38092677187,1747.6748569947295,62783.22972293275,True,-0.004954817336944205,0.00473540437391515,0.14770329311950003,0.0005332806312550115,0.0021987557356116377,0.404181867133641,0.404181867133641,209,13,0.9345077237273185
no_microstates_or_major_oil,export_product_gini,Export Product Gini,concentration_u,pooled_year_fe,log_ppp,2160,88,0.03560063645824464,0.4180334549549416,-0.0029281677828797825,0.22165336819466286,436.590337858334,1747.6748569947295,62783.22972293275,False,-0.008123008091261909,0.008553138393886689,0.17112960479306216,-0.029096898498962645,0.009473013108791086,0.9989352720260597,0.9989352720260597,2160,88,0.43455985083288173
no_microstates_or_major_oil,export_product_gini,Export Product Gini,concentration_u,between_country,log_ppp,88,88,0.03705048266612332,0.4346106184053705,-0.00302444587765573,0.24111494636702935,457.22185647502994,1951.2658861698824,62079.87338353759,False,-0.008777334373870252,0.00871459425598079,0.15691947329133366,-0.02970615809668546,0.010024718114423662,0.998478157173838,0.998478157173838,88,88,0.46817554964332597
no_microstates_or_major_oil,export_product_gini,Export Product Gini,concentration_u,country_year_fe,log_ppp,2160,88,-0.04187814392575795,0.2656051290167457,0.001799779833565468,0.3723169591352431,112898.0858560297,1747.6748569947295,62783.22972293275,False,-0.015003681960059394,0.008997651820503784,0.04770643521879274,-0.0021122126911545316,0.009222469519546627,0.5905767999978959,0.5905767999978959,12,2,0.934595686848767
no_microstates_or_major_oil,export_product_theil,Export Product Theil,concentration_u,pooled_year_fe,level_ppp,2160,88,-0.895860147429308,1.8133816041016218e-16,0.07160688347278525,2.9115880369282464e-07,62554.05234678217,1747.6748569947295,62783.22972293275,True,-0.8708310374626803,0.10420855679726154,3.227110346406826e-17,0.0032821355337226965,0.08099278339177028,0.48383776560693204,0.48383776560693204,113,10,0.5687728518008854
no_microstates_or_major_oil,export_product_theil,Export Product Theil,concentration_u,between_country,level_ppp,88,88,-1.0268907453940195,8.488420858551816e-15,0.08965014531921806,1.8008344449121814e-06,57272.11828478139,1951.2658861698824,62079.87338353759,True,-0.991904491343707,0.12535022784439026,1.2556415271929197e-15,0.08620318865254095,0.11370993506597457,0.22419638404525888,0.22419638404525888,6,6,0.6220225000941708
no_microstates_or_major_oil,export_product_theil,Export Product Theil,concentration_u,country_year_fe,level_ppp,2160,88,-0.14533045822210236,0.28156647850503347,0.011409129785252147,0.12608786129587948,63690.42203813027,1747.6748569947295,62783.22972293275,False,-0.1413425683689274,0.13255588457815357,0.1431470441892534,-0.0020700549728543682,0.05997157793622216,0.5137676632932331,0.5137676632932331,95,7,0.9469266031801753
no_microstates_or_major_oil,export_product_theil,Export Product Theil,concentration_u,pooled_year_fe,log_ppp,2160,88,-2.7492754024880988,0.005606314830638916,0.10147577992732744,0.05773252275206814,764105.4324868154,1747.6748569947295,62783.22972293275,False,-1.2340306279680946,0.20254064873130273,5.549179373293467e-10,-0.507179557590375,0.20164847795017699,0.9940511960629194,0.9940511960629194,0,0,0.6349320194486685
no_microstates_or_major_oil,export_product_theil,Export Product Theil,concentration_u,between_country,log_ppp,88,88,-2.9194792910728387,0.009291581699318806,0.10979804568536411,0.06784188595621837,594079.7939472724,1951.2658861698824,62079.87338353759,False,-1.2557680022737445,0.22035686105591998,6.032952742810866e-09,-0.49597793288101677,0.21826602007694848,0.9884674683550039,0.9884674683550039,0,0,0.6714015767494561
no_microstates_or_major_oil,export_product_theil,Export Product Theil,concentration_u,country_year_fe,log_ppp,2160,88,-2.374662687780478,0.04689545655883291,0.1109416134212548,0.08467662569837306,44458.3575092115,1747.6748569947295,62783.22972293275,True,-0.718073301290783,0.268926302322762,0.0037908795454409676,0.07657967425096412,0.2780235432039735,0.3914879070239593,0.3914879070239593,446,24,0.9485471998456427
no_microstates_or_major_oil,export_product_hhi,Export Product HHI,concentration_u,pooled_year_fe,level_ppp,2160,88,-0.047252312474811334,8.920104481387005e-07,0.0037413025971293782,0.0005112374840902832,63149.54651231235,1747.6748569947295,62783.22972293275,False,-0.045944596378528914,0.009263562338462254,3.5298979168744836e-07,-0.0002741003910955997,0.0055972494236938295,0.5195286178598484,0.5195286178598484,100,9,0.24191975108839714
no_microstates_or_major_oil,export_product_hhi,Export Product HHI,concentration_u,between_country,level_ppp,88,88,-0.0556150524058318,4.593927138122691e-06,0.004866724302687981,0.0010619681049003507,57138.07578448052,1951.2658861698824,62079.87338353759,True,-0.053715797783986004,0.011586154815719877,1.7743136056049683e-06,0.004810073294859232,0.007877732993247571,0.2707351731774288,0.2707351731774288,6,6,0.29390651089490616
no_microstates_or_major_oil,export_product_hhi,Export Product HHI,concentration_u,country_year_fe,level_ppp,2160,88,0.008176488776298351,0.36898621745929583,-0.0004010659884127552,0.38375885231452767,101934.45732779958,1747.6748569947295,62783.22972293275,False,0.00803630218750941,0.008946025903539235,0.8154897788750454,0.0031404451593837314,0.003818633470509499,0.20542456568896217,0.8154897788750454,17,2,0.8565850716147494
no_microstates_or_major_oil,export_product_hhi,Export Product HHI,concentration_u,pooled_year_fe,log_ppp,2160,88,-0.2741525170520269,0.01173054050183435,0.012088365493063405,0.03186994841971646,84079.63713191125,1747.6748569947295,62783.22972293275,False,-0.09364803944200037,0.025395168051238162,0.00011317525138030968,-0.007061452928029288,0.0172947400160363,0.6584735048742948,0.6584735048742948,27,2,0.3220561317063855
no_microstates_or_major_oil,export_product_hhi,Export Product HHI,concentration_u,between_country,log_ppp,88,88,-0.3032348507176974,0.016793862569990745,0.013566974594248991,0.0387004450035407,71358.94229413537,1951.2658861698824,62079.87338353759,False,-0.09766171281337399,0.028113394511507548,0.00025652397129320703,-0.003779781636270574,0.019619219301764447,0.5763862332463292,0.5763862332463292,3,3,0.3784716204781564
no_microstates_or_major_oil,export_product_hhi,Export Product HHI,concentration_u,country_year_fe,log_ppp,2160,88,-0.05429979988861172,0.6700469602481595,0.0031828905753656543,0.6366315059266465,5064.196566242812,1747.6748569947295,62783.22972293275,True,-0.006772613444263137,0.028588232256876345,0.40636635428686296,0.01602580626984501,0.024553441395664486,0.256977804742214,0.40636635428686296,1687,73,0.856561854999836
no_microstates_or_major_oil,export_active_product_count,Export active-product count,count_inverted_u,pooled_year_fe,level_ppp,2160,88,953.6263350900455,1.681487218293525e-23,-64.610166328394,1.9678686646853439e-07,73798.47393079367,1747.6748569947295,62783.22972293275,False,931.0428224503692,91.35447133558534,0.0,142.33935208355445,72.32749411746701,0.9754650613681157,0.9754650613681157,50,4,0.7436668386850391
no_microstates_or_major_oil,export_active_product_count,Export active-product count,count_inverted_u,between_country,level_ppp,88,88,1046.2979672837564,9.576536631459193e-19,-77.61007292338564,3.947419168775159e-06,67407.35627942462,1951.2658861698824,62079.87338353759,False,1016.0103897400445,112.08225314737916,0.0,82.69326720957633,101.11423443768282,0.7932700797063611,0.7932700797063611,3,3,0.7814009005403898
no_microstates_or_major_oil,export_active_product_count,Export active-product count,count_inverted_u,country_year_fe,level_ppp,2160,88,393.6548042473231,0.004119984270903335,-20.253345494160367,0.0039844062211831675,97182.66159060619,1747.6748569947295,62783.22972293275,False,386.5755517092888,134.84665422227536,0.002073362593075001,139.34071568376405,56.8770269331098,0.992854398468684,0.992854398468684,19,2,0.96247276759452
no_microstates_or_major_oil,export_active_product_count,Export active-product count,count_inverted_u,pooled_year_fe,log_ppp,2160,88,1595.7465418451293,0.011619405916828893,-29.804306097656458,0.38012222615377456,422900394923.0862,1747.6748569947295,62783.22972293275,False,1150.7061676296182,131.63316102544368,0.0,937.2237799656742,127.77208281999344,0.9999999999998892,0.9999999999998892,0,0,0.8208626738515832
no_microstates_or_major_oil,export_active_product_count,Export active-product count,count_inverted_u,between_country,log_ppp,88,88,1608.1768295465902,0.02295923368017506,-30.275064081271942,0.42463305514201877,342462840746.8523,1951.2658861698824,62079.87338353759,False,1149.4349132700038,139.1659614144269,1.1102230246251565e-16,939.9348907915062,139.4579063726255,0.9999999999920762,0.9999999999920762,0,0,0.8483157569087076
no_microstates_or_major_oil,export_active_product_count,Export active-product count,count_inverted_u,country_year_fe,log_ppp,2160,88,2230.5876760245133,0.010453132462022067,-80.131907399751,0.09540604958588972,1108173.8251783121,1747.6748569947295,62783.22972293275,False,1034.0513789223978,238.71005863410466,7.393757131990419e-06,460.08227312563395,292.7754114899765,0.9419610599554887,0.9419610599554887,0,0,0.9659717079475743
production_core,export_product_gini,Export Product Gini,concentration_u,pooled_year_fe,level_ppp,2035,83,-0.01993395443780167,5.72269337111141e-05,0.001021667259402459,0.1952145751185801,97556.00100888236,1700.993600753156,57871.344889259286,False,-0.01958638454373315,0.004699374245677858,1.5372907749526308e-05,-0.008108902771612865,0.004676469270930622,0.958539157227176,0.958539157227176,0,0,0.5374992389895942
production_core,export_product_gini,Export Product Gini,concentration_u,between_country,level_ppp,83,83,-0.019981152157115024,0.0004707742641781834,0.0009708696313144153,0.2935229847725086,102903.37400946135,1936.417137576749,56945.946145365066,False,-0.019605150438629013,0.005370000332803689,0.000130678903098781,-0.008923734209314799,0.005248996414832747,0.9554424258431098,0.9554424258431098,0,0,0.5767536600284349
production_core,export_product_gini,Export Product Gini,concentration_u,country_year_fe,level_ppp,2035,83,-0.01248459298875599,0.028864969453596123,0.0015981902902152015,0.013733047042077359,39058.53096840833,1700.993600753156,57871.344889259286,True,-0.011940890697467612,0.005532829672167947,0.015456580257076203,0.006013291307985873,0.004292865481772233,0.0806423326479716,0.0806423326479716,440,26,0.9435589566216344
production_core,export_product_gini,Export Product Gini,concentration_u,pooled_year_fe,log_ppp,2035,83,0.11244866363095839,0.0043548305723966575,-0.007280095734992618,0.0006674092194610483,2259.775929757779,1700.993600753156,57871.344889259286,True,0.004135867682163272,0.007938178815945666,0.6988199718077551,-0.0472180703775935,0.007977814778400089,0.9999999983772444,0.9999999983772444,1871,80,0.5370355152352771
production_core,export_product_gini,Export Product Gini,concentration_u,between_country,log_ppp,83,83,0.11633466452239097,0.007018195898342198,-0.007516069255379303,0.00129162289617277,2296.319350885601,1936.417137576749,56945.946145365066,True,0.0025625005361534364,0.008131372200165523,0.6236713821459047,-0.04826511435445391,0.008472452878017114,0.9999999938929598,0.9999999938929598,76,76,0.5759705804616243
production_core,export_product_gini,Export Product Gini,concentration_u,country_year_fe,log_ppp,2035,83,0.004421610268657011,0.9158505333185736,-0.0007451338615023855,0.7466581276812722,19.433348045846895,1700.993600753156,57871.344889259286,False,-0.006664443381367893,0.009029468701456789,0.2302338226156243,-0.01192063225068359,0.010630545019200362,0.8689319576361589,0.8689319576361589,2035,83,0.9425587764109775
production_core,export_product_theil,Export Product Theil,concentration_u,pooled_year_fe,level_ppp,2035,83,-1.2797030325811052,3.2561777500329357e-15,0.13408270518839824,5.723644326648126e-07,47720.65982644844,1700.993600753156,57871.344889259286,True,-1.2340882678816778,0.15359746457767462,4.69571009945551e-16,0.27220626254742863,0.15935331874160516,0.04380024581223174,0.04380024581223174,290,17,0.6234796701759056
production_core,export_product_theil,Export Product Theil,concentration_u,between_country,level_ppp,83,83,-1.3837175305173397,1.678505650209913e-13,0.15032027438550183,1.3682100992484796e-06,46025.64544848906,1936.417137576749,56945.946145365066,True,-1.3255009794282746,0.17600308740382553,2.5152798549155355e-14,0.3283085194253177,0.17768898803202315,0.03232590077541864,0.03232590077541864,12,12,0.6629099848911773
production_core,export_product_theil,Export Product Theil,concentration_u,country_year_fe,level_ppp,2035,83,-0.2589786739351942,0.046814014699587514,0.023248841156065635,0.14978307570312366,55697.11457803705,1700.993600753156,57871.344889259286,True,-0.25106944792891533,0.1265726760165165,0.023650274064759107,0.010109667028461777,0.13609030077532047,0.47039122430411906,0.47039122430411906,143,9,0.953820631776208
production_core,export_product_theil,Export Product Theil,concentration_u,pooled_year_fe,log_ppp,2035,83,-1.4245366565991042,0.15683359056897198,0.026345014369103883,0.6277492023231512,551645552805.7716,1700.993600753156,57871.344889259286,False,-1.0325772278359442,0.20637131202577083,2.8150488288501973e-07,-0.846738979914094,0.1986615326986228,0.9999898796579741,0.9999898796579741,0,0,0.6636882106484634
production_core,export_product_theil,Export Product Theil,concentration_u,between_country,log_ppp,83,83,-1.568425307835221,0.16982393684529185,0.03312504026570931,0.5892340374096822,19126018907.647556,1936.417137576749,56945.946145365066,False,-1.0670052989038623,0.22290550744981988,8.472847567004795e-07,-0.8429963478612249,0.21471650958958935,0.999956831074713,0.999956831074713,0,0,0.6975476437702142
production_core,export_product_theil,Export Product Theil,concentration_u,country_year_fe,log_ppp,2035,83,-1.4343912496843427,0.33726483076799585,0.06084229552044761,0.46180236730247837,131633.98407044658,1700.993600753156,57871.344889259286,False,-0.5291834914831773,0.2967579661573752,0.037275591428786496,-0.10000074591126729,0.35774163489320354,0.6100822563139934,0.6100822563139934,0,0,0.95460554990973
production_core,export_product_hhi,Export Product HHI,concentration_u,pooled_year_fe,level_ppp,2035,83,-0.08291825574404965,1.6375877193177015e-06,0.010062450443997822,8.041370685125323e-05,41201.82067257274,1700.993600753156,57871.344889259286,True,-0.07949502298142244,0.016447857126797676,6.719344537461899e-07,0.03354725227108597,0.01305871889466475,0.0051002951933095675,0.0051002951933095675,395,23,0.2776265198590514
production_core,export_product_hhi,Export Product HHI,concentration_u,between_country,level_ppp,83,83,-0.0921753453326856,6.5491093217137285e-06,0.011541102597195402,0.0001788842735470242,39933.50919308398,1936.417137576749,56945.946145365066,True,-0.08770566756153746,0.019276255625028216,2.683152642455162e-06,0.03926845605891885,0.01543377190948966,0.00547453481244764,0.00547453481244764,16,16,0.33166235243490083
production_core,export_product_hhi,Export Product HHI,concentration_u,country_year_fe,level_ppp,2035,83,0.00587564109598813,0.5071576347442742,-9.179631999353888e-05,0.9265099042908295,320036.85422257066,1700.993600753156,57871.344889259286,False,0.00584441210541179,0.00867427703167075,0.7497691894370986,0.004813165797205951,0.009864828286110657,0.3128061697898674,0.7497691894370986,0,0,0.8576215489928594
production_core,export_product_hhi,Export Product HHI,concentration_u,pooled_year_fe,log_ppp,2035,83,-0.26499051739218255,0.019743542460308898,0.011569282958438778,0.05048236653510657,94120.49209162663,1700.993600753156,57871.344889259286,False,-0.09286346989635416,0.026442449713836417,0.0002224503830361531,-0.011253521061791616,0.017820748307563222,0.736138012890537,0.736138012890537,0,0,0.31962797671312393
production_core,export_product_hhi,Export Product HHI,concentration_u,between_country,log_ppp,83,83,-0.29594134563858027,0.025089561824382132,0.013152591889072252,0.055583339958604434,76903.38649010185,1936.417137576749,56945.946145365066,False,-0.09684807089572145,0.028917749277654246,0.00040539101805412374,-0.007903324295278735,0.02008250234179093,0.6530406922392743,0.6530406922392743,0,0,0.37525967025412943
production_core,export_product_hhi,Export Product HHI,concentration_u,country_year_fe,log_ppp,2035,83,-0.061688770085306724,0.7231638896331087,0.0037985973277484143,0.6883114994284003,3360.821440829226,1700.993600753156,57871.344889259286,True,-0.005173483442243151,0.034804286440063996,0.44091687806012325,0.021621896589026107,0.035765138183788896,0.2727382540281126,0.44091687806012325,1698,72,0.857649575839747
production_core,export_active_product_count,Export active-product count,count_inverted_u,pooled_year_fe,level_ppp,2035,83,1476.685865337776,3.150418170521776e-29,-155.7775239748484,5.627109667579999e-13,47397.269761977965,1700.993600753156,57871.344889259286,True,1423.6905510532983,124.48094308037832,0.0,-326.32509785088564,127.23638286917217,0.005163024687823939,0.005163024687823939,296,17,0.794123628576567
production_core,export_active_product_count,Export active-product count,count_inverted_u,between_country,level_ppp,83,83,1558.2741261005237,4.6672000995080847e-26,-169.30409136981297,6.907902836647691e-12,46019.97841554717,1936.417137576749,56945.946145365066,True,1492.7054573024507,138.33372204584998,0.0,-369.9622077665433,142.35002009345828,0.004675314333193928,0.004675314333193928,12,12,0.8302572103710686
production_core,export_active_product_count,Export active-product count,count_inverted_u,country_year_fe,level_ppp,2035,83,608.8809299423485,0.0006661382856743871,-49.72417709030963,0.004018480322977666,61225.84279640183,1700.993600753156,57871.344889259286,False,591.9648285356818,173.94483717239638,0.0003330372652897706,33.359929596765824,105.68724754626903,0.6238650109007264,0.6238650109007264,52,6,0.9626422088080925
production_core,export_active_product_count,Export active-product count,count_inverted_u,pooled_year_fe,log_ppp,2035,83,1279.3835930782998,0.07407046501031112,-11.600251508531558,0.7662736586042217,8.892353558996058e+23,1700.993600753156,57871.344889259286,False,1106.7957974866865,142.49037747250537,3.9968028886505635e-15,1024.967395892551,149.317538427982,0.9999999999966602,0.9999999999966602,0,0,0.8275308820414371
production_core,export_active_product_count,Export active-product count,count_inverted_u,between_country,log_ppp,83,83,1276.18011024912,0.11088165166221352,-11.251429657238084,0.7961165293674559,4.2625466776941993e+24,1936.417137576749,56945.946145365066,False,1105.865088321038,148.64121761264215,5.040412531798211e-14,1029.777001030257,162.88651533790022,0.9999999998709437,0.9999999998709437,0,0,0.8559215341364665
production_core,export_active_product_count,Export active-product count,count_inverted_u,country_year_fe,log_ppp,2035,83,2099.5217813005434,0.05435839975297983,-73.05271320020768,0.24373826723844394,1740894.607235913,1700.993600753156,57871.344889259286,False,1012.6482144699048,248.82503976800547,2.353484745620804e-05,497.33294316812635,366.43162063071907,0.9126463431506117,0.9126463431506117,0,0,0.9652316783856877
strict_production_core,export_product_gini,Export Product Gini,concentration_u,pooled_year_fe,level_ppp,1986,81,-0.020341637052768036,4.812917971477276e-05,0.0010848021581229123,0.17434945685368108,93757.35889005878,1689.3638049277424,57990.0646988336,False,-0.019975111952479967,0.004748547545519235,1.2963617237188247e-05,-0.007760087585771635,0.0047528213018979,0.9487374049126509,0.9487374049126509,0,0,0.5424344644943555
strict_production_core,export_product_gini,Export Product Gini,concentration_u,between_country,level_ppp,81,81,-0.020410428627679444,0.00043147812411045965,0.0010372434244636766,0.2697912600659991,98387.8429416556,1930.4776381394956,56962.444159854276,False,-0.020009953580432574,0.005449160303161615,0.00012027480258217267,-0.008593644498441803,0.005339373104284258,0.9462449070389858,0.9462449070389858,0,0,0.5822465418622953
strict_production_core,export_product_gini,Export Product Gini,concentration_u,country_year_fe,level_ppp,1986,81,-0.012829887975147456,0.030516315562495636,0.001645781945855567,0.012456816971685233,38978.09186525552,1689.3638049277424,57990.0646988336,True,-0.012273823085121066,0.005748188881108856,0.016370277635358213,0.006257912328919863,0.0043214434333712385,0.07379356916738933,0.07379356916738933,442,26,0.9440684831846631
strict_production_core,export_product_gini,Export Product Gini,concentration_u,pooled_year_fe,log_ppp,1986,81,0.11209607639804542,0.004890595628703274,-0.007266986495024966,0.0007675690740244277,2236.5579203867333,1689.3638049277424,57990.0646988336,True,0.0040780297823272,0.008052398814067656,0.6937249200504667,-0.04731293143340726,0.008039205114858512,0.9999999980130345,0.9999999980130345,1826,78,0.5423034232135049
strict_production_core,export_product_gini,Export Product Gini,concentration_u,between_country,log_ppp,81,81,0.11559391188677479,0.00827380079529331,-0.007482638351201537,0.0015780412769378818,2262.309114940648,1930.4776381394956,56962.444159854276,True,0.0023737708013524816,0.008276000703314943,0.6128771593802089,-0.048278074713531155,0.008553168290506513,0.999999991715304,0.999999991715304,74,74,0.581827619481903
strict_production_core,export_product_gini,Export Product Gini,concentration_u,country_year_fe,log_ppp,1986,81,0.006941073596539805,0.8711147992455425,-0.0008833692609213395,0.7092708696849935,50.84337302064414,1689.3638049277424,57990.0646988336,False,-0.006189516651621373,0.009133660240326755,0.24899363116320022,-0.012436562171557294,0.011098106980892461,0.8687713681426583,0.8687713681426583,1986,81,0.942957731786923
strict_production_core,export_product_theil,Export Product Theil,concentration_u,pooled_year_fe,level_ppp,1986,81,-1.283165663791105,5.680070792129558e-15,0.13441310112133223,7.948182791269804e-07,47732.16498564433,1689.3638049277424,57990.0646988336,True,-1.2377511382026107,0.15541167325665303,8.305513344117788e-16,0.27575922228827876,0.16274666075545963,0.04509390283514292,0.04509390283514292,290,17,0.6277548461593341
strict_production_core,export_product_theil,Export Product Theil,concentration_u,between_country,level_ppp,81,81,-1.3860064794508626,3.8891660346894813e-13,0.15048822854921304,2.171262674673747e-06,46050.32874706234,1930.4776381394956,56962.444159854276,True,-1.3279036474473664,0.17901883172000269,5.95967327054199e-14,0.32842898363912454,0.1817359534150903,0.03536736499880189,0.03536736499880189,12,12,0.666439151316949
strict_production_core,export_product_theil,Export Product Theil,concentration_u,country_year_fe,level_ppp,1986,81,-0.27546036121982015,0.041703473155150494,0.02495917963297797,0.12578202226446467,55182.17450862467,1689.3638049277424,57990.0646988336,True,-0.26702733428529163,0.13152915307800678,0.021169324531897852,0.014016527129420309,0.13713011754185012,0.4592936702889019,0.4592936702889019,152,9,0.9545430389861747
strict_production_core,export_product_theil,Export Product Theil,concentration_u,pooled_year_fe,log_ppp,1986,81,-1.4126345443562998,0.17432555633107294,0.025587854606185307,0.6483033661006408,972965452123.7949,1689.3638049277424,57990.0646988336,False,-1.032291182835074,0.2142631661669544,7.255094968257194e-07,-0.8513379851704618,0.203637258961451,0.9999854667402907,0.9999854667402907,0,0,0.6664816808008411
strict_production_core,export_product_theil,Export Product Theil,concentration_u,between_country,log_ppp,81,81,-1.568930384013004,0.18642576774238073,0.033034298968353186,0.604052774475185,20567762281.592403,1930.4776381394956,56962.444159854276,False,-1.0690869044394673,0.23229049153504028,2.0885464767514237e-06,-0.8454694944427886,0.22095848009871258,0.9999349773222811,0.9999349773222811,0,0,0.699911013957178
strict_production_core,export_product_theil,Export Product Theil,concentration_u,country_year_fe,log_ppp,1986,81,-1.3667698113150113,0.3698385089507429,0.05673433304965116,0.5023869842823906,170305.66388929306,1689.3638049277424,57990.0646988336,False,-0.523458510782885,0.3005018192671051,0.0407587812640736,-0.12224242054365742,0.37150168176766385,0.6289408406545713,0.6289408406545713,0,0,0.9552778080298728
strict_production_core,export_product_hhi,Export Product HHI,concentration_u,pooled_year_fe,level_ppp,1986,81,-0.08211398832571339,2.1564282396471966e-06,0.009905122060626858,0.00011588867456874395,41450.265742871976,1689.3638049277424,57990.0646988336,True,-0.07876731738719052,0.016481290454989563,8.799878137872137e-07,0.03276574550340572,0.013315981884453869,0.006934606275474708,0.006934606275474708,390,23,0.2800195885974931
strict_production_core,export_product_hhi,Export Product HHI,concentration_u,between_country,level_ppp,81,81,-0.09102968342477585,9.509679344228515e-06,0.011330682441060677,0.00027404209297230786,40169.55020065608,1930.4776381394956,56962.444159854276,True,-0.08665495760931036,0.019377341108573035,3.875050098386678e-06,0.03805498974361618,0.015739448864970876,0.007807123444390052,0.007807123444390052,16,16,0.33357151895837645
strict_production_core,export_product_hhi,Export Product HHI,concentration_u,country_year_fe,level_ppp,1986,81,0.005275557116119957,0.562060044272029,-4.0045279664980735e-05,0.9678468540953564,658698.9977664443,1689.3638049277424,57990.0646988336,False,0.005262026906915111,0.008917353337153286,0.7224343127319004,0.004811111444388933,0.009962085841289811,0.3145683959411927,0.7224343127319004,0,0,0.8581083056566968
strict_production_core,export_product_hhi,Export Product HHI,concentration_u,pooled_year_fe,log_ppp,1986,81,-0.25778963122925713,0.029373405226020808,0.011184075181476431,0.06997955877080746,101199.83370806668,1689.3638049277424,57990.0646988336,False,-0.09154713784723689,0.027356556024602557,0.00040927848149211084,-0.01245515463265423,0.018750424904063902,0.7467379966394556,0.7467379966394556,0,0,0.3199967594766917
strict_production_core,export_product_hhi,Export Product HHI,concentration_u,between_country,log_ppp,81,81,-0.28838913004151057,0.0366930752358353,0.012751031859339703,0.07635868908999423,81508.48898978847,1930.4776381394956,56962.444159854276,False,-0.09545268726029082,0.02996509634204028,0.000722614451777271,-0.009137771908151182,0.021195641480058255,0.6668078445776515,0.6668078445776515,0,0,0.3751670955078624
strict_production_core,export_product_hhi,Export Product HHI,concentration_u,country_year_fe,log_ppp,1986,81,-0.06025696523396521,0.7342277998035502,0.003689007502169174,0.7028271487044027,3523.10203013343,1689.3638049277424,57990.0646988336,True,-0.0054227661326119725,0.03534254519842181,0.4390278157056004,0.02066530236707747,0.03689446641396142,0.2876990365382388,0.4390278157056004,1631,70,0.8581316362144396
strict_production_core,export_active_product_count,Export active-product count,count_inverted_u,pooled_year_fe,level_ppp,1986,81,1473.6245129823922,1.5171309302055602e-28,-155.09058261371283,1.3759118259144207e-12,47508.510450720845,1689.3638049277424,57990.0646988336,True,1421.2236296318397,125.81812319378649,0.0,-325.1180710074086,129.48153387032912,0.006020809880474343,0.006020809880474343,296,17,0.7952968502833279
strict_production_core,export_active_product_count,Export active-product count,count_inverted_u,between_country,level_ppp,81,81,1553.2972277687736,3.072044521116936e-25,-168.32367252259112,1.875176175743421e-11,46140.18944840637,1930.4776381394956,56962.444159854276,True,1488.3082106138982,140.2676369456895,0.0,-364.32833160116525,144.61648418879054,0.005879880343287544,0.005879880343287544,12,12,0.8312126084996493
strict_production_core,export_active_product_count,Export active-product count,count_inverted_u,country_year_fe,level_ppp,1986,81,618.3832695110904,0.0009302592928192449,-50.4740609836275,0.004543509622398789,61257.53084457362,1689.3638049277424,57990.0646988336,False,601.3294591683992,181.67110345281853,0.00046649722432201557,32.98445710040403,107.82029692708359,0.6201674748793328,0.6201674748793328,52,6,0.9627735245075478
strict_production_core,export_active_product_count,Export active-product count,count_inverted_u,pooled_year_fe,log_ppp,1986,81,1267.258035848628,0.08571876130119503,-10.919145583350756,0.785518605711395,1.5912954125792085e+25,1689.3638049277424,57990.0646988336,False,1104.9535128618759,147.69058005494807,3.674838211509268e-14,1027.735069210288,152.31747133371522,0.99999999999247,0.99999999999247,0,0,0.8277786413024724
strict_production_core,export_active_product_count,Export active-product count,count_inverted_u,between_country,log_ppp,81,81,1259.797925731887,0.12670498824699486,-10.351434924921637,0.8173012589911878,2.6755482662843375e+26,1930.4776381394956,56962.444159854276,False,1103.169893261495,154.0539611671697,4.00679489587219e-13,1033.0984481287353,166.07723265412525,0.9999999997523563,0.9999999997523563,0,0,0.8560732630409897
strict_production_core,export_active_product_count,Export active-product count,count_inverted_u,country_year_fe,log_ppp,1986,81,2102.9544774027054,0.05964185620643962,-72.97299437204633,0.25914719660668095,1810526.6086373567,1689.3638049277424,57990.0646988336,False,1018.2682304742716,250.37514353137033,2.3814172408376244e-05,502.21493573686917,384.8878646795771,0.9040253829544189,0.9040253829544189,0,0,0.9653573809906028
