sample,model_label,outcome,term,coef,std_error,t_stat,p_value,ci_low,ci_high,nobs,clusters,r2_within
hs2 chapter,hs2_export_value_gini,asinh_hs2_export_value,hs2_product_loo_gini_sum_z,-0.18176828943394002,0.0659419174080321,-2.7564908115911053,0.005842525418727881,-0.3110144475536829,-0.05252213131419711,108369,33,0.5846265694999822
hs2 chapter,hs2_export_value_gini,asinh_hs2_export_value,hs2_import_value_share_z,0.5053758375756097,0.1334436445314367,3.787185514530466,0.00015236334354103362,0.24382629429399372,0.7669253808572256,108369,33,0.5846265694999822
hs2 chapter,hs2_export_value_gini,asinh_hs2_export_value,hs2_02,1.8000818740166227,0.2524775186045339,7.12967191679417,1.0060844611533207e-12,1.3052259375517363,2.294937810481509,108369,33,0.5846265694999822
hs2 chapter,hs2_export_value_gini,asinh_hs2_export_value,hs2_03,2.0261740049700463,0.607343836718216,3.336123432022432,0.0008495543528352614,0.8357800850023429,3.21656792493775,108369,33,0.5846265694999822
hs2 chapter,hs2_export_value_gini,asinh_hs2_export_value,hs2_04,1.9248846711467178,0.32788204498362983,5.8706620279949195,4.340583303391782e-09,1.2822358629788033,2.5675334793146325,108369,33,0.5846265694999822
hs2 chapter,hs2_export_value_gini,asinh_hs2_export_value,hs2_05,0.13427632830985292,0.4423862678318117,0.3035273426726317,0.761488013247368,-0.7328007566404979,1.0013534132602038,108369,33,0.5846265694999822
hs2 chapter,hs2_export_value_gini,asinh_hs2_export_value,hs2_06,-0.4992497740366726,0.3197000226915033,-1.5616194513643404,0.11837766438026275,-1.125861818512019,0.12736227043867387,108369,33,0.5846265694999822
hs2 chapter,hs2_export_value_gini,asinh_hs2_export_value,hs2_07,1.1536934819208307,0.35179866891004224,3.279414005445937,0.0010402290787810574,0.46416809085714783,1.8432188729845134,108369,33,0.5846265694999822
hs2 chapter,hs2_export_value_gini,asinh_hs2_export_value,hs2_08,1.3161086303796596,0.4199642881445988,3.133858443522006,0.0017252406215561174,0.49297862561624606,2.139238635143073,108369,33,0.5846265694999822
hs2 chapter,hs2_export_value_gini,asinh_hs2_export_value,hs2_09,0.5107498829893353,0.4172053452452001,1.224217016417077,0.22087037159425377,-0.30697259369125685,1.3284723596699275,108369,33,0.5846265694999822
hs2 chapter,hs2_export_value_gini,asinh_hs2_export_value,hs2_10,0.9240442946569678,0.43199539281641,2.139014234926504,0.032434515529090234,0.07733332473680432,1.7707552645771312,108369,33,0.5846265694999822
hs2 chapter,hs2_export_value_gini,asinh_hs2_export_value,hs2_11,0.30421553547364333,0.29126693442788587,1.044456131181493,0.29627440549112577,-0.26666765600501297,0.8750987269522996,108369,33,0.5846265694999822
hs2 chapter,hs2_export_value_gini,asinh_hs2_export_value,hs2_12,1.222455932665641,0.4233977138690011,2.8872520862119435,0.003886227297865779,0.3925964134823988,2.0523154518488833,108369,33,0.5846265694999822
hs2 chapter,hs2_export_value_gini,asinh_hs2_export_value,hs2_13,-1.2884316580156516,0.45551655303476346,-2.828506778583133,0.004676571069671662,-2.181244101963788,-0.3956192140675152,108369,33,0.5846265694999822
hs2 chapter,hs2_export_value_gini,asinh_hs2_export_value,hs2_14,-3.9357105716401968,0.4403264655146588,-8.938164929605335,3.956862139047599e-19,-4.798750444048928,-3.0726706992314656,108369,33,0.5846265694999822
hs2 chapter,hs2_export_value_gini,asinh_hs2_export_value,hs2_15,1.64325026026727,0.4623922317231946,3.5538016158778842,0.0003797055202444645,0.7369614860898086,2.5495390344447317,108369,33,0.5846265694999822
hs2 chapter,hs2_export_value_gini,asinh_hs2_export_value,hs2_16,1.3857915958548281,0.45412017574805646,3.0515966254352422,0.0022762777143123885,0.4957160513886375,2.2758671403210187,108369,33,0.5846265694999822
hs2 chapter,hs2_export_value_gini,asinh_hs2_export_value,hs2_17,1.3115587554276529,0.36749668045323025,3.5688995987939798,0.00035848376243088805,0.5912652617393216,2.031852249115984,108369,33,0.5846265694999822
hs2 chapter,hs2_export_value_gini,asinh_hs2_export_value,hs2_18,1.1011364605840845,0.2909566421429163,3.784537972648215,0.0001539943949897937,0.5308614419839687,1.6714114791842003,108369,33,0.5846265694999822
hs2 chapter,hs2_export_value_gini,asinh_hs2_export_value,hs2_19,1.8236412046735615,0.29703268343669326,6.139530450231532,8.276575850443588e-10,1.2414571451376428,2.40582526420948,108369,33,0.5846265694999822
hs2 chapter,hs2_export_value_gini,asinh_hs2_export_value,hs2_20,1.4689619987028275,0.3206233946713732,4.5815808300840235,4.614741694289193e-06,0.8405401451469361,2.097383852258719,108369,33,0.5846265694999822
hs2 chapter,hs2_export_value_gini,asinh_hs2_export_value,hs2_21,1.9532673926667243,0.32553496675209054,6.000176915416355,1.971026596011483e-09,1.315218857832627,2.5913159275008217,108369,33,0.5846265694999822
hs2 chapter,hs2_export_value_gini,asinh_hs2_export_value,hs2_22,2.2697927874472508,0.3265475714106212,6.950879400640443,3.630161087553787e-12,1.6297595474824331,2.9098260274120684,108369,33,0.5846265694999822
hs2 chapter,hs2_export_value_gini,asinh_hs2_export_value,hs2_23,1.6521641068568171,0.4493172233014134,3.6770549206134118,0.00023594225622643888,0.7715023491860469,2.532825864527587,108369,33,0.5846265694999822
hs2 chapter,hs2_export_value_gini,asinh_hs2_export_value,hs2_24,0.5494619743327172,0.493405497159955,1.1136113754212784,0.265445944188619,-0.4176128001007947,1.516536748766229,108369,33,0.5846265694999822
hs2 chapter,hs2_export_value_gini,asinh_hs2_export_value,hs2_25,1.8133162229226887,0.4523646526847337,4.008527660507644,6.10984833555041e-05,0.9266815036606106,2.699950942184767,108369,33,0.5846265694999822
hs2 chapter,hs2_export_value_gini,asinh_hs2_export_value,hs2_26,0.6115057937897695,0.5385495792385065,1.1354679631435622,0.2561792977112324,-0.4440513815177033,1.6670629690972425,108369,33,0.5846265694999822
hs2 chapter,hs2_export_value_gini,asinh_hs2_export_value,hs2_27,3.346421744180955,0.592800926844988,5.645102078350855,1.6508327074171085e-08,2.1845319275647785,4.508311560797131,108369,33,0.5846265694999822
hs2 chapter,hs2_export_value_gini,asinh_hs2_export_value,hs2_28,2.2677176368856315,0.41985460086118104,5.401197538943774,6.619747971940516e-08,1.4448026191977168,3.0906326545735463,108369,33,0.5846265694999822
hs2 chapter,hs2_export_value_gini,asinh_hs2_export_value,hs2_29,2.8308179647669895,0.4278635937086415,6.616169280096933,3.6862623125764803e-11,1.9922053210980522,3.6694306084359267,108369,33,0.5846265694999822
hs2 chapter,hs2_export_value_gini,asinh_hs2_export_value,hs2_30,3.179850555426224,0.42154623892487825,7.543301924686109,4.5821860288847725e-14,2.3536199271334626,4.006081183718986,108369,33,0.5846265694999822
hs2 chapter,hs2_export_value_gini,asinh_hs2_export_value,hs2_31,0.34041571539777626,0.39636183993883656,0.8588508809281603,0.3904227918302789,-0.4364534908823434,1.117284921677896,108369,33,0.5846265694999822
hs2 chapter,hs2_export_value_gini,asinh_hs2_export_value,hs2_32,2.013717564614249,0.4148604788055197,4.853963362362721,1.21018103763256e-06,1.2005910261554305,2.8268441030730673,108369,33,0.5846265694999822
hs2 chapter,hs2_export_value_gini,asinh_hs2_export_value,hs2_33,2.0992554987275533,0.3583491066931745,5.858129571186505,4.681093738068704e-09,1.3968912496089314,2.8016197478461753,108369,33,0.5846265694999822
hs2 chapter,hs2_export_value_gini,asinh_hs2_export_value,hs2_34,1.6857767980131084,0.3421951470288952,4.926360916131754,8.377519424814363e-07,1.0150743098364738,2.3564792861897432,108369,33,0.5846265694999822
hs2 chapter,hs2_export_value_gini,asinh_hs2_export_value,hs2_35,0.9076878852706389,0.3608901278797191,2.515136367413081,0.011898635060453392,0.2003432346263896,1.6150325359148883,108369,33,0.5846265694999822
hs2 chapter,hs2_export_value_gini,asinh_hs2_export_value,hs2_36,-1.1580178032209525,0.3585034035885979,-3.230144516423729,0.0012372766042277289,-1.8606844742546045,-0.4553511321873006,108369,33,0.5846265694999822
hs2 chapter,hs2_export_value_gini,asinh_hs2_export_value,hs2_37,-0.07002915233549815,0.3957572331283034,-0.17694977241968662,0.8595478426881282,-0.8457133292669727,0.7056550245959765,108369,33,0.5846265694999822
hs2 chapter,hs2_export_value_gini,asinh_hs2_export_value,hs2_38,2.5417226278992446,0.40958884723878103,6.2055464767513016,5.450715910292326e-10,1.7389284873112338,3.3445167684872557,108369,33,0.5846265694999822
hs2 chapter,hs2_export_value_gini,asinh_hs2_export_value,hs2_39,3.098414347406726,0.5040828711664855,6.1466368421461395,7.914304620383449e-10,2.1104119199204145,4.086416774893038,108369,33,0.5846265694999822
hs2 chapter,hs2_export_value_gini,asinh_hs2_export_value,hs2_40,2.498866447687468,0.4249275211359634,5.880688643106055,4.085630702296797e-09,1.66600850626098,3.331724389113956,108369,33,0.5846265694999822
hs2 chapter,hs2_export_value_gini,asinh_hs2_export_value,hs2_41,1.1839821247544529,0.4500422127553682,2.6308246008870197,0.00851779840330088,0.3018993877539312,2.0660648617549744,108369,33,0.5846265694999822
hs2 chapter,hs2_export_value_gini,asinh_hs2_export_value,hs2_42,1.0675910371318025,0.44245275392572575,2.412892738624514,0.015826476341078696,0.20038363943738002,1.934798434826225,108369,33,0.5846265694999822
hs2 chapter,hs2_export_value_gini,asinh_hs2_export_value,hs2_43,-0.7382150883598246,0.5502631396932826,-1.3415673976841458,0.17973630306395685,-1.8167308421586583,0.34030066543900905,108369,33,0.5846265694999822
hs2 chapter,hs2_export_value_gini,asinh_hs2_export_value,hs2_44,2.440576190039635,0.3394385805767786,7.190037696635943,6.477343601145913e-13,1.7752765721091492,3.105875807970121,108369,33,0.5846265694999822
hs2 chapter,hs2_export_value_gini,asinh_hs2_export_value,hs2_45,-3.7199662154500026,0.3711125603252662,-10.023821915888787,1.1977947711329344e-23,-4.447346833687524,-2.992585597212481,108369,33,0.5846265694999822
hs2 chapter,hs2_export_value_gini,asinh_hs2_export_value,hs2_46,-3.3861042603042804,0.36831631634238354,-9.193467978639829,3.8037601824525715e-20,-4.108004240335352,-2.664204280273209,108369,33,0.5846265694999822
hs2 chapter,hs2_export_value_gini,asinh_hs2_export_value,hs2_47,0.7190923357562053,0.39544004450017045,1.8184610935524397,0.06899368804689074,-0.05597015146412876,1.4941548229765393,108369,33,0.5846265694999822
hs2 chapter,hs2_export_value_gini,asinh_hs2_export_value,hs2_48,2.862654924107174,0.4184397956017364,6.841258776523728,7.85003032260533e-12,2.0425129247277707,3.682796923486577,108369,33,0.5846265694999822
hs2 chapter,hs2_export_value_gini,asinh_hs2_export_value,hs2_49,1.58996045768555,0.36070908543419855,4.407874716467585,1.0438989598462695e-05,0.8829706502345208,2.296950265136579,108369,33,0.5846265694999822
hs2 chapter,hs2_export_value_gini,asinh_hs2_export_value,hs2_50,-3.701107234479498,0.709902977930464,-5.21353952517442,1.8527103189432552e-07,-5.092517071223208,-2.3096973977357886,108369,33,0.5846265694999822
hs2 chapter,hs2_export_value_gini,asinh_hs2_export_value,hs2_51,0.23865434636731084,0.5151055957609786,0.4633115002657673,0.6431411037102505,-0.7709526213242072,1.2482613140588288,108369,33,0.5846265694999822
hs2 chapter,hs2_export_value_gini,asinh_hs2_export_value,hs2_52,0.977900439980531,0.5333509318246402,1.8335028245568974,0.06672782890299915,-0.06746738639576388,2.0232682663568258,108369,33,0.5846265694999822
hs2 chapter,hs2_export_value_gini,asinh_hs2_export_value,hs2_53,-1.855897793108519,0.4802681169784693,-3.8642952290578974,0.00011141040685618175,-2.797223302386319,-0.9145722838307192,108369,33,0.5846265694999822
hs2 chapter,hs2_export_value_gini,asinh_hs2_export_value,hs2_54,1.0246141232461838,0.4582087401002269,2.2361295924256344,0.02534328352574105,0.12652499264973915,1.9227032538426285,108369,33,0.5846265694999822
hs2 chapter,hs2_export_value_gini,asinh_hs2_export_value,hs2_55,0.7445651624727464,0.44916045985339154,1.6576818954984964,0.09738168994299035,-0.13578933883990096,1.6249196637853938,108369,33,0.5846265694999822
hs2 chapter,hs2_export_value_gini,asinh_hs2_export_value,hs2_56,1.099125780306411,0.4560878743902719,2.409899148877383,0.015956930745854653,0.20519354650147814,1.9930580141113436,108369,33,0.5846265694999822
hs2 chapter,hs2_export_value_gini,asinh_hs2_export_value,hs2_57,0.021688191833120485,0.38853665436753443,0.05582019505579168,0.9554850466974754,-0.739843650727247,0.7832200343934879,108369,33,0.5846265694999822
hs2 chapter,hs2_export_value_gini,asinh_hs2_export_value,hs2_58,-0.19859995344122927,0.4535457558245329,-0.43788294982538284,0.6614711359721697,-1.0875496348573137,0.6903497279748552,108369,33,0.5846265694999822
hs2 chapter,hs2_export_value_gini,asinh_hs2_export_value,hs2_59,0.7213943446951394,0.4007372648544299,1.8001678604987985,0.07183413700392997,-0.06405069441954314,1.506839383809822,108369,33,0.5846265694999822
hs2 chapter,hs2_export_value_gini,asinh_hs2_export_value,hs2_60,0.21066467095150895,0.49647459992367204,0.4243211455004879,0.6713316199895296,-0.7624255448988883,1.183754886801906,108369,33,0.5846265694999822
hs2 chapter,hs2_export_value_gini,asinh_hs2_export_value,hs2_61,2.1557640904844955,0.45567496751095515,4.730924988616294,2.234991017145508e-06,1.2626411541630234,3.048887026805968,108369,33,0.5846265694999822
hs2 chapter,hs2_export_value_gini,asinh_hs2_export_value,hs2_62,2.208052244662573,0.4386572899458155,5.033661346276315,4.811994445476691e-07,1.3482839563687747,3.0678205329563717,108369,33,0.5846265694999822
hs2 chapter,hs2_export_value_gini,asinh_hs2_export_value,hs2_63,1.425906473622931,0.4379834335603145,3.255617368976514,0.0011314612046722501,0.5674589438447146,2.2843540034011474,108369,33,0.5846265694999822
hs2 chapter,hs2_export_value_gini,asinh_hs2_export_value,hs2_64,1.6352261907498393,0.4227221344588106,3.868324030023494,0.00010958597780685236,0.8066908072105706,2.463761574289108,108369,33,0.5846265694999822
hs2 chapter,hs2_export_value_gini,asinh_hs2_export_value,hs2_65,-0.7379335980286494,0.41237509237976083,-1.7894717980422497,0.07353886541033389,-1.5461887790929807,0.07032158303568181,108369,33,0.5846265694999822
hs2 chapter,hs2_export_value_gini,asinh_hs2_export_value,hs2_66,-2.7914482157947575,0.3645843159834918,-7.656523041219231,1.9103449439290463e-14,-3.5060334751224014,-2.0768629564671137,108369,33,0.5846265694999822
hs2 chapter,hs2_export_value_gini,asinh_hs2_export_value,hs2_67,-2.678283673060914,0.45725599156892544,-5.857295962096098,4.704642784244969e-09,-3.5745054165360077,-1.7820619295858202,108369,33,0.5846265694999822
hs2 chapter,hs2_export_value_gini,asinh_hs2_export_value,hs2_68,1.8256678896597458,0.43599313033690007,4.187377650306137,2.8219605594293224e-05,0.9711213541994217,2.68021442512007,108369,33,0.5846265694999822
hs2 chapter,hs2_export_value_gini,asinh_hs2_export_value,hs2_69,1.2012302034339808,0.41518511518667317,2.8932400500289863,0.00381289763759713,0.38746737766810135,2.0149930291998603,108369,33,0.5846265694999822
hs2 chapter,hs2_export_value_gini,asinh_hs2_export_value,hs2_70,1.9380425000629942,0.3689898158254739,5.252292656715643,1.5021752575227564e-07,1.2148224610450653,2.661262539080923,108369,33,0.5846265694999822
hs2 chapter,hs2_export_value_gini,asinh_hs2_export_value,hs2_71,2.6692226896379694,0.4533448983154069,5.887841022489909,3.912732166239539e-09,1.780666688939772,3.557778690336167,108369,33,0.5846265694999822
hs2 chapter,hs2_export_value_gini,asinh_hs2_export_value,hs2_72,3.347544508093834,0.5129662355649508,6.525857407373111,6.761362196096154e-11,2.3421306863865308,4.352958329801138,108369,33,0.5846265694999822
hs2 chapter,hs2_export_value_gini,asinh_hs2_export_value,hs2_73,3.1247354849198237,0.45648801984380344,6.8451642739474625,7.638816276381162e-12,2.230018966025969,4.0194520038136785,108369,33,0.5846265694999822
hs2 chapter,hs2_export_value_gini,asinh_hs2_export_value,hs2_74,2.377133069358815,0.41375123745123604,5.745319540316733,9.174755925038536e-09,1.5661806439543922,3.1880854947632375,108369,33,0.5846265694999822
hs2 chapter,hs2_export_value_gini,asinh_hs2_export_value,hs2_75,-0.6333805987080547,0.5880263843176987,-1.0771295567680719,0.28142239022864113,-1.7859123119707443,0.5191511145546348,108369,33,0.5846265694999822
hs2 chapter,hs2_export_value_gini,asinh_hs2_export_value,hs2_76,3.185946444515397,0.47332245065149897,6.731027527069843,1.6846908753303245e-11,2.258234441238459,4.113658447792335,108369,33,0.5846265694999822
hs2 chapter,hs2_export_value_gini,asinh_hs2_export_value,hs2_78,-1.1356230950710455,0.39073985730438043,-2.9063405584099713,0.003656832099000388,-1.901473215387631,-0.3697729747544599,108369,33,0.5846265694999822
hs2 chapter,hs2_export_value_gini,asinh_hs2_export_value,hs2_79,-0.11289437933095896,0.4624475459282523,-0.24412364240002749,0.8071350624052782,-1.0192915693503335,0.7935028106884157,108369,33,0.5846265694999822
hs2 chapter,hs2_export_value_gini,asinh_hs2_export_value,hs2_80,-2.3841041617167544,0.40858693197822593,-5.834998564867968,5.3791030094843515e-09,-3.184934548394077,-1.5832737750394317,108369,33,0.5846265694999822
hs2 chapter,hs2_export_value_gini,asinh_hs2_export_value,hs2_81,-0.26270432127158094,0.4609335432643272,-0.5699396911127607,0.5687186032156285,-1.1661340660696622,0.6407254235265003,108369,33,0.5846265694999822
hs2 chapter,hs2_export_value_gini,asinh_hs2_export_value,hs2_82,1.67179656480434,0.4148407884956485,4.029971524417437,5.5783610146469344e-05,0.858708619352869,2.484884510255811,108369,33,0.5846265694999822
hs2 chapter,hs2_export_value_gini,asinh_hs2_export_value,hs2_83,1.6373116747401681,0.36738630130727434,4.456648679915679,8.325086868242479e-06,0.9172345241779104,2.3573888253024258,108369,33,0.5846265694999822
hs2 chapter,hs2_export_value_gini,asinh_hs2_export_value,hs2_84,2.498923608085988,0.928435289757388,2.691543110924821,0.007112230547515216,0.6791904401615074,4.318656776010468,108369,33,0.5846265694999822
hs2 chapter,hs2_export_value_gini,asinh_hs2_export_value,hs2_85,2.737744856715966,0.7908095998356024,3.4619519759055817,0.000536272837015739,1.1877580410381852,4.287731672393747,108369,33,0.5846265694999822
hs2 chapter,hs2_export_value_gini,asinh_hs2_export_value,hs2_86,0.7983280323688615,0.3958499499597843,2.016744052765363,0.04372223014048189,0.022462130447684303,1.5741939342900388,108369,33,0.5846265694999822
hs2 chapter,hs2_export_value_gini,asinh_hs2_export_value,hs2_87,3.49997603176922,0.640045043455128,5.468327686556946,4.543014187287379e-08,2.2454877465971688,4.754464316941271,108369,33,0.5846265694999822
hs2 chapter,hs2_export_value_gini,asinh_hs2_export_value,hs2_88,2.1256211405086853,0.41056146108273683,5.177351851055323,2.250575296556431e-07,1.3209206767865211,2.9303216042308495,108369,33,0.5846265694999822
hs2 chapter,hs2_export_value_gini,asinh_hs2_export_value,hs2_89,1.6728572268025315,0.6102734124229457,2.7411602615307276,0.006122263791843913,0.4767213384535578,2.868993115151505,108369,33,0.5846265694999822
hs2 chapter,hs2_export_value_gini,asinh_hs2_export_value,hs2_90,3.0503586189611593,0.4727554236370512,6.452297459633193,1.101670681407233e-10,2.123757988632539,3.97695924928978,108369,33,0.5846265694999822
hs2 chapter,hs2_export_value_gini,asinh_hs2_export_value,hs2_91,0.1546062010136029,0.47035465297074974,0.32870133214822794,0.7423814473266342,-0.7672889188090666,1.0765013208362724,108369,33,0.5846265694999822
hs2 chapter,hs2_export_value_gini,asinh_hs2_export_value,hs2_92,-1.1430706877413332,0.44188592128764587,-2.586800422177856,0.009687168296239205,-2.009167093465119,-0.27697428201754737,108369,33,0.5846265694999822
hs2 chapter,hs2_export_value_gini,asinh_hs2_export_value,hs2_93,-0.5289363603501065,0.48306955142672425,-1.0949486648204523,0.27353912715122675,-1.475752681146486,0.41787996044627307,108369,33,0.5846265694999822
hs2 chapter,hs2_export_value_gini,asinh_hs2_export_value,hs2_94,2.5565860906951965,0.37425578213115,6.831119819010024,8.425432232029228e-12,1.8230447577181423,3.2901274236722506,108369,33,0.5846265694999822
hs2 chapter,hs2_export_value_gini,asinh_hs2_export_value,hs2_95,1.601219926452621,0.37169683605378984,4.30786536536701,1.648376658005977e-05,0.8726941277871929,2.329745725118049,108369,33,0.5846265694999822
hs2 chapter,hs2_export_value_gini,asinh_hs2_export_value,hs2_96,1.0519392838964186,0.3936759872870806,2.672094102425689,0.007537950648002929,0.28033434881374064,1.8235442189790965,108369,33,0.5846265694999822
hs2 chapter,hs2_export_value_gini,asinh_hs2_export_value,hs2_97,-0.18911591245731854,0.485239942366119,-0.3897369032218466,0.6967311052321821,-1.1401861994949118,0.7619543745802747,108369,33,0.5846265694999822
hs2 chapter,hs2_export_any_gini,hs2_export_any,hs2_product_loo_gini_sum_z,-0.0021361740589965167,0.001911986460534002,-1.1172537583764588,0.2638858409429986,-0.0058836675216431605,0.0016113194036501272,108369,33,0.019216897684330658
hs2 chapter,hs2_export_any_gini,hs2_export_any,hs2_import_value_share_z,0.0028950702654815166,0.002519049158887706,1.149271047477233,0.2504442326511217,-0.0020422660859383875,0.00783240661690142,108369,33,0.019216897684330658
hs2 chapter,hs2_export_any_gini,hs2_export_any,hs2_02,0.005056294892432429,0.00377945465308466,1.337837163439878,0.18094952434708614,-0.0023514362276135037,0.012464026012478362,108369,33,0.019216897684330658
hs2 chapter,hs2_export_any_gini,hs2_export_any,hs2_03,0.008431139453945372,0.006754115277704935,1.248296646901516,0.21192244169905655,-0.004806926490356302,0.021669205398247043,108369,33,0.019216897684330658
hs2 chapter,hs2_export_any_gini,hs2_export_any,hs2_04,0.008041301905588336,0.006020622524665921,1.3356263198105982,0.1816714429451315,-0.003759118242756869,0.01984172205393354,108369,33,0.019216897684330658
hs2 chapter,hs2_export_any_gini,hs2_export_any,hs2_05,0.008876226672803399,0.006649476756582199,1.3348759605809555,0.18191694686813178,-0.004156747770097712,0.02190920111570451,108369,33,0.019216897684330658
hs2 chapter,hs2_export_any_gini,hs2_export_any,hs2_06,0.005965639623812905,0.004178349470098565,1.4277502795074197,0.15336374852359744,-0.002223925337580282,0.014155204585206093,108369,33,0.019216897684330658
hs2 chapter,hs2_export_any_gini,hs2_export_any,hs2_07,0.008311059852101964,0.0061836531866650835,1.3440371898644943,0.17893636113201122,-0.0038089003937615985,0.020431020097965526,108369,33,0.019216897684330658
hs2 chapter,hs2_export_any_gini,hs2_export_any,hs2_08,0.007547898840219995,0.005579857897248746,1.3527044916218436,0.17615005494215083,-0.003388622638387547,0.018484420318827535,108369,33,0.019216897684330658
hs2 chapter,hs2_export_any_gini,hs2_export_any,hs2_09,0.0053705525410075354,0.0037125493866321598,1.4465942353104786,0.1480106017082474,-0.0019060442567914978,0.01264714933880657,108369,33,0.019216897684330658
hs2 chapter,hs2_export_any_gini,hs2_export_any,hs2_10,0.004897759418907537,0.0034438078008103127,1.4221930206892255,0.15497022433063792,-0.001852103870680676,0.01164762270849575,108369,33,0.019216897684330658
hs2 chapter,hs2_export_any_gini,hs2_export_any,hs2_11,0.0063536333303696665,0.0044389468429628905,1.4313380076722813,0.1523333659573212,-0.0023467024818375985,0.015053969142576932,108369,33,0.019216897684330658
hs2 chapter,hs2_export_any_gini,hs2_export_any,hs2_12,0.0086868705910347,0.00652110286689264,1.3321167858181735,0.18282181526975352,-0.0040944910280748745,0.021468232210144274,108369,33,0.019216897684330658
hs2 chapter,hs2_export_any_gini,hs2_export_any,hs2_13,-0.013299789323500224,0.016222252609215723,-0.8198484910748294,0.4123024836413935,-0.04509540443756304,0.018495825790562588,108369,33,0.019216897684330658
hs2 chapter,hs2_export_any_gini,hs2_export_any,hs2_14,-0.0317221739770028,0.025705966038664003,-1.2340393638305558,0.21718823645576266,-0.08210586741278425,0.01866151945877865,108369,33,0.019216897684330658
hs2 chapter,hs2_export_any_gini,hs2_export_any,hs2_15,0.008222510808315984,0.006114485924041263,1.3447591360029592,0.17870303061174853,-0.003761881602804891,0.02020690321943686,108369,33,0.019216897684330658
hs2 chapter,hs2_export_any_gini,hs2_export_any,hs2_16,0.007508099921721546,0.0059977438583500246,1.2518207010905964,0.21063520519007853,-0.0042474780406445015,0.019263677884087595,108369,33,0.019216897684330658
hs2 chapter,hs2_export_any_gini,hs2_export_any,hs2_17,0.008510904447158133,0.006353538449132725,1.3395534654110568,0.18039056127484002,-0.003942030913142007,0.020963839807458272,108369,33,0.019216897684330658
hs2 chapter,hs2_export_any_gini,hs2_export_any,hs2_18,0.00734683204751188,0.0053509992196414695,1.3729832029398308,0.16975756859060914,-0.0031411264229854003,0.01783479051800916,108369,33,0.019216897684330658
hs2 chapter,hs2_export_any_gini,hs2_export_any,hs2_19,0.008045902820869918,0.005968723023034302,1.348010753693785,0.17765492388514295,-0.0036527943042773143,0.019744599946017148,108369,33,0.019216897684330658
hs2 chapter,hs2_export_any_gini,hs2_export_any,hs2_20,0.006151373496725066,0.005366906320494277,1.1461674807393585,0.25172586050502305,-0.004367762891443717,0.01667050988489385,108369,33,0.019216897684330658
hs2 chapter,hs2_export_any_gini,hs2_export_any,hs2_21,0.00818029692536286,0.006087399445700999,1.3438081398026036,0.17901043665658778,-0.003751005988211098,0.020111599838936817,108369,33,0.019216897684330658
hs2 chapter,hs2_export_any_gini,hs2_export_any,hs2_22,0.00765777200542961,0.005682023996870613,1.347719053922888,0.17774876131751996,-0.0034789950284367915,0.01879453903929601,108369,33,0.019216897684330658
hs2 chapter,hs2_export_any_gini,hs2_export_any,hs2_23,0.008313884727155638,0.006207044146607343,1.3394273555634135,0.18043158886215724,-0.0038519218001947537,0.02047969125450603,108369,33,0.019216897684330658
hs2 chapter,hs2_export_any_gini,hs2_export_any,hs2_24,-0.021697941218832156,0.017839073450422484,-1.2163154818064994,0.22386476613761402,-0.05666252518166022,0.013266642743995912,108369,33,0.019216897684330658
hs2 chapter,hs2_export_any_gini,hs2_export_any,hs2_25,0.008758353787091848,0.006543558304705975,1.3384695878377126,0.1807434077288595,-0.004067020490131863,0.02158372806431556,108369,33,0.019216897684330658
hs2 chapter,hs2_export_any_gini,hs2_export_any,hs2_26,-0.011951978394415317,0.013162381611552065,-0.9080407138420581,0.3638567114752559,-0.03775024635305736,0.01384628956422673,108369,33,0.019216897684330658
hs2 chapter,hs2_export_any_gini,hs2_export_any,hs2_27,0.008634322974631816,0.0068294622460596055,1.2642756725997806,0.2061310981570926,-0.004751423027645011,0.02202006897690864,108369,33,0.019216897684330658
hs2 chapter,hs2_export_any_gini,hs2_export_any,hs2_28,0.007583785341734905,0.005496196181425301,1.3798243533163403,0.16764073239674374,-0.0031887591738586855,0.018356329857328497,108369,33,0.019216897684330658
hs2 chapter,hs2_export_any_gini,hs2_export_any,hs2_29,-0.00125776070500235,0.004337117982405619,-0.2899991907309661,0.7718168567167121,-0.009758511950517364,0.007242990540512664,108369,33,0.019216897684330658
hs2 chapter,hs2_export_any_gini,hs2_export_any,hs2_30,0.0071731093945148405,0.005412128428920032,1.3253767882123606,0.18504621179479608,-0.003434662326168421,0.017780881115198103,108369,33,0.019216897684330658
hs2 chapter,hs2_export_any_gini,hs2_export_any,hs2_31,-0.014734664970846913,0.012630238516580366,-1.1666181087161545,0.24336462698878747,-0.03948993246334443,0.010020602521650603,108369,33,0.019216897684330658
hs2 chapter,hs2_export_any_gini,hs2_export_any,hs2_32,0.007351119244915374,0.0054436538600711026,1.350401666578293,0.17688717655941144,-0.0033184423208239867,0.018020680810654735,108369,33,0.019216897684330658
hs2 chapter,hs2_export_any_gini,hs2_export_any,hs2_33,0.007572553102269605,0.005614410732448818,1.3487707727729266,0.17741060521974011,-0.003431691933330077,0.018576798137869287,108369,33,0.019216897684330658
hs2 chapter,hs2_export_any_gini,hs2_export_any,hs2_34,0.007877084189623847,0.005838249967972969,1.3492200972612274,0.17726628138454267,-0.0035658857476031716,0.019320054126850866,108369,33,0.019216897684330658
hs2 chapter,hs2_export_any_gini,hs2_export_any,hs2_35,0.006568682730283313,0.004683449973674489,1.402530776928472,0.1607568066299305,-0.0026108792181186854,0.01574824467868531,108369,33,0.019216897684330658
hs2 chapter,hs2_export_any_gini,hs2_export_any,hs2_36,-0.0035636555935090455,0.006849383198892198,-0.5202885413222934,0.6028624812024318,-0.016988446663337754,0.009861135476319664,108369,33,0.019216897684330658
hs2 chapter,hs2_export_any_gini,hs2_export_any,hs2_37,0.0069732948646948475,0.004968385595512764,1.4035333471284583,0.1604578551200189,-0.00276474090251017,0.016711330631899866,108369,33,0.019216897684330658
hs2 chapter,hs2_export_any_gini,hs2_export_any,hs2_38,0.007202832511066746,0.005345526207296589,1.3474506029425042,0.17783515240737144,-0.0032743988552345693,0.017680063877368063,108369,33,0.019216897684330658
hs2 chapter,hs2_export_any_gini,hs2_export_any,hs2_39,0.0014782470840628374,0.002688522850673899,0.5498361614045063,0.5824317535185404,-0.003791257703258004,0.006747751871383679,108369,33,0.019216897684330658
hs2 chapter,hs2_export_any_gini,hs2_export_any,hs2_40,0.006882708802697031,0.005105186581776752,1.3481796781463862,0.1776005991374527,-0.003123456897585403,0.016888874502979465,108369,33,0.019216897684330658
hs2 chapter,hs2_export_any_gini,hs2_export_any,hs2_41,0.008835340258681863,0.006628212507279226,1.3329898896540702,0.1825351216945204,-0.00415595625558542,0.021826636772949146,108369,33,0.019216897684330658
hs2 chapter,hs2_export_any_gini,hs2_export_any,hs2_42,0.008048475683147732,0.005986484401170646,1.3444411016211564,0.17880579032757393,-0.003685033743146734,0.0197819851094422,108369,33,0.019216897684330658
hs2 chapter,hs2_export_any_gini,hs2_export_any,hs2_43,0.0071553193944037564,0.006272657425489883,1.1407157938080668,0.25398821193614735,-0.005139089159556414,0.01944972794836393,108369,33,0.019216897684330658
hs2 chapter,hs2_export_any_gini,hs2_export_any,hs2_44,0.007127985278655529,0.005248076323058119,1.3582091493863724,0.17439732820916,-0.003158244314538384,0.017414214871849444,108369,33,0.019216897684330658
hs2 chapter,hs2_export_any_gini,hs2_export_any,hs2_45,-0.0131856800775498,0.014395458614165718,-0.9159610979378283,0.3596872992071404,-0.041400778961314603,0.015029418806215005,108369,33,0.019216897684330658
hs2 chapter,hs2_export_any_gini,hs2_export_any,hs2_46,-0.010537415127145292,0.011451324366876127,-0.9201918301804121,0.35747252287804687,-0.032982010886222504,0.011907180631931916,108369,33,0.019216897684330658
hs2 chapter,hs2_export_any_gini,hs2_export_any,hs2_47,0.00207958984526965,0.0028129693586210042,0.7392863483906283,0.4597331371558283,-0.0034338300976275177,0.007593009788166818,108369,33,0.019216897684330658
hs2 chapter,hs2_export_any_gini,hs2_export_any,hs2_48,0.0056952431514704464,0.004243586451690213,1.3420825088179933,0.17956924453482076,-0.002622186293842371,0.014012672596783264,108369,33,0.019216897684330658
hs2 chapter,hs2_export_any_gini,hs2_export_any,hs2_49,0.008258804281295159,0.006148807529423003,1.3431554397784435,0.1792216470252245,-0.003792858476373926,0.020310467038964244,108369,33,0.019216897684330658
hs2 chapter,hs2_export_any_gini,hs2_export_any,hs2_50,-0.03262645016419203,0.02037883072077931,-1.6009971627530335,0.10937754755985761,-0.07256895837691947,0.007316058048535412,108369,33,0.019216897684330658
hs2 chapter,hs2_export_any_gini,hs2_export_any,hs2_51,0.008109974940655148,0.006838581585958958,1.1859147746817305,0.23565595782583107,-0.005293644967824409,0.021513594849134704,108369,33,0.019216897684330658
hs2 chapter,hs2_export_any_gini,hs2_export_any,hs2_52,0.007498827462484417,0.005332475356975297,1.4062563744763228,0.15964800944961682,-0.0029528242371871655,0.017950479162156,108369,33,0.019216897684330658
hs2 chapter,hs2_export_any_gini,hs2_export_any,hs2_53,-0.012003434411712062,0.014992813104462092,-0.8006125553675885,0.4233559799029958,-0.041389348096457765,0.017382479273033637,108369,33,0.019216897684330658
hs2 chapter,hs2_export_any_gini,hs2_export_any,hs2_54,0.005216592096675524,0.003644621763859887,1.431312337648673,0.152340719533038,-0.0019268665604898544,0.012360050753840904,108369,33,0.019216897684330658
hs2 chapter,hs2_export_any_gini,hs2_export_any,hs2_55,0.0027456719811761376,0.0026867649777360405,1.0219248813827155,0.30681645514885075,-0.0025203873751865015,0.008011731337538776,108369,33,0.019216897684330658
hs2 chapter,hs2_export_any_gini,hs2_export_any,hs2_56,0.008589321778375894,0.006407664684736118,1.340476164246978,0.1800905885010267,-0.003969701003706897,0.021148344560458686,108369,33,0.019216897684330658
hs2 chapter,hs2_export_any_gini,hs2_export_any,hs2_57,0.004295195510693543,0.0030700518168186503,1.3990628715656177,0.1617941303268289,-0.0017221060502710115,0.010312497071658096,108369,33,0.019216897684330658
hs2 chapter,hs2_export_any_gini,hs2_export_any,hs2_58,0.00575474752573835,0.003968642571032848,1.4500543757057627,0.1470433565461501,-0.002023791913486033,0.013533286964962733,108369,33,0.019216897684330658
hs2 chapter,hs2_export_any_gini,hs2_export_any,hs2_59,0.0032431811409489807,0.0026887607168824,1.2061992428651025,0.2277406758085702,-0.002026789864140523,0.008513152146038485,108369,33,0.019216897684330658
hs2 chapter,hs2_export_any_gini,hs2_export_any,hs2_60,0.008195289199887905,0.006019430497390141,1.3614725186113794,0.17336441244336445,-0.003602794574996772,0.01999337297477258,108369,33,0.019216897684330658
hs2 chapter,hs2_export_any_gini,hs2_export_any,hs2_61,0.0073008077131196825,0.005415527052809415,1.348125056328957,0.17761816372202158,-0.0033136253103867707,0.017915240736626134,108369,33,0.019216897684330658
hs2 chapter,hs2_export_any_gini,hs2_export_any,hs2_62,0.0063225207490081176,0.004665873974342056,1.3550560481864855,0.1753997004864645,-0.002822592240702311,0.015467633738718546,108369,33,0.019216897684330658
hs2 chapter,hs2_export_any_gini,hs2_export_any,hs2_63,0.0085048873412479,0.006342806341963041,1.3408713561031906,0.17996222360661743,-0.003927013088999658,0.02093678777149546,108369,33,0.019216897684330658
hs2 chapter,hs2_export_any_gini,hs2_export_any,hs2_64,0.00680023090856937,0.004935607544850436,1.3777900383640485,0.16826812253017434,-0.0028735598793374843,0.016474021696476222,108369,33,0.019216897684330658
hs2 chapter,hs2_export_any_gini,hs2_export_any,hs2_65,0.008842378418108114,0.006615265654626242,1.3366626345420292,0.18133278390427823,-0.004123542264959319,0.021808299101175547,108369,33,0.019216897684330658
hs2 chapter,hs2_export_any_gini,hs2_export_any,hs2_66,-0.003510113236168212,0.006789105753440167,-0.5170214404731539,0.6051411919549968,-0.01681676051291094,0.009796534040574515,108369,33,0.019216897684330658
hs2 chapter,hs2_export_any_gini,hs2_export_any,hs2_67,-0.003497992022529408,0.006782935913577028,-0.5157047135780349,0.6060606620239049,-0.01679254641314038,0.009796562368081567,108369,33,0.019216897684330658
hs2 chapter,hs2_export_any_gini,hs2_export_any,hs2_68,0.00823985385264563,0.006139698815131122,1.342061573499132,0.17957603193240249,-0.00379395582501137,0.02027366353030263,108369,33,0.019216897684330658
hs2 chapter,hs2_export_any_gini,hs2_export_any,hs2_69,0.008150256260310462,0.006054944343148474,1.3460497402478946,0.17828647584442783,-0.0037174346522605463,0.02001794717288147,108369,33,0.019216897684330658
hs2 chapter,hs2_export_any_gini,hs2_export_any,hs2_70,0.007786000580464849,0.005781537227323658,1.3467007604254555,0.1780766272816826,-0.00354581238508952,0.01911781354601922,108369,33,0.019216897684330658
hs2 chapter,hs2_export_any_gini,hs2_export_any,hs2_71,0.007212319599744778,0.005267776601758999,1.3691392298861846,0.17095575757907056,-0.0031125225397028583,0.017537161739192415,108369,33,0.019216897684330658
hs2 chapter,hs2_export_any_gini,hs2_export_any,hs2_72,0.0041400797499751875,0.003298606190932167,1.255099733140689,0.20944255734230624,-0.00232518838425186,0.010605347884202235,108369,33,0.019216897684330658
hs2 chapter,hs2_export_any_gini,hs2_export_any,hs2_73,0.004966658802779312,0.0037237543267200804,1.3337772492510251,0.18227686917578814,-0.002331899677592045,0.01226521728315067,108369,33,0.019216897684330658
hs2 chapter,hs2_export_any_gini,hs2_export_any,hs2_74,0.007117360874093074,0.005210572824036439,1.36594595535842,0.17195592712723395,-0.0030953618610183465,0.017330083609204495,108369,33,0.019216897684330658
hs2 chapter,hs2_export_any_gini,hs2_export_any,hs2_75,-0.023134805800756685,0.0224140957224062,-1.0321543232114436,0.3019998289209954,-0.06706643341667284,0.020796821815159468,108369,33,0.019216897684330658
hs2 chapter,hs2_export_any_gini,hs2_export_any,hs2_76,0.007084569609989927,0.005239067742595042,1.3522576836314704,0.17629289636140533,-0.003184003165496354,0.01735314238547621,108369,33,0.019216897684330658
hs2 chapter,hs2_export_any_gini,hs2_export_any,hs2_78,-0.0035241697742035985,0.0051859436328809926,-0.6795619126785197,0.496781892897502,-0.013688619294650345,0.006640279746243147,108369,33,0.019216897684330658
hs2 chapter,hs2_export_any_gini,hs2_export_any,hs2_79,-0.00457192234219023,0.007750393662571203,-0.5898954996659471,0.5552607114492722,-0.01976269392082979,0.010618849236449329,108369,33,0.019216897684330658
hs2 chapter,hs2_export_any_gini,hs2_export_any,hs2_80,-0.015925921658334757,0.017062197552932853,-0.9334038953028779,0.35061146994438264,-0.04936782886208315,0.017515985545413636,108369,33,0.019216897684330658
hs2 chapter,hs2_export_any_gini,hs2_export_any,hs2_81,0.0003049574599701244,0.0032291175461290752,0.09443987579073858,0.9247597410361915,-0.006024112930442863,0.006634027850383112,108369,33,0.019216897684330658
hs2 chapter,hs2_export_any_gini,hs2_export_any,hs2_82,0.007821353221071307,0.005795729336219571,1.3495028437910124,0.17717550752961178,-0.0035382762779190523,0.019180982720061666,108369,33,0.019216897684330658
hs2 chapter,hs2_export_any_gini,hs2_export_any,hs2_83,0.007752717125724733,0.005746830414513724,1.349042266175996,0.17732339058977045,-0.0035110704867221667,0.01901650473817163,108369,33,0.019216897684330658
hs2 chapter,hs2_export_any_gini,hs2_export_any,hs2_84,-0.010641788977752236,0.011303930148055362,-0.9414238090973134,0.3464877171126809,-0.03279749206794075,0.011513914112436272,108369,33,0.019216897684330658
hs2 chapter,hs2_export_any_gini,hs2_export_any,hs2_85,-0.005838942641500844,0.007296858063261481,-0.800199564097182,0.42359518233045834,-0.020140784445493345,0.008462899162491658,108369,33,0.019216897684330658
hs2 chapter,hs2_export_any_gini,hs2_export_any,hs2_86,0.0004990042954839668,0.0034355496206161973,0.14524729681955978,0.8845156243804657,-0.00623467296092378,0.007232681551891714,108369,33,0.019216897684330658
hs2 chapter,hs2_export_any_gini,hs2_export_any,hs2_87,0.004385028175659396,0.0037657308933134377,1.1644560644111888,0.24423923854993132,-0.0029958043752349416,0.011765860726553733,108369,33,0.019216897684330658
hs2 chapter,hs2_export_any_gini,hs2_export_any,hs2_88,0.0048344308932755055,0.004204295998515841,1.1498788132381994,0.25019378825151867,-0.0034059892638155414,0.013074851050366553,108369,33,0.019216897684330658
hs2 chapter,hs2_export_any_gini,hs2_export_any,hs2_89,0.007623082967394638,0.006451300258360405,1.1816351219299845,0.23735051128979462,-0.005021465538991755,0.02026763147378103,108369,33,0.019216897684330658
hs2 chapter,hs2_export_any_gini,hs2_export_any,hs2_90,0.0026720115504755095,0.0027333806580203466,0.9775482762107186,0.3282977898929795,-0.0026854145392443698,0.008029437640195388,108369,33,0.019216897684330658
hs2 chapter,hs2_export_any_gini,hs2_export_any,hs2_91,0.0055707944850167555,0.0038554412351443873,1.4449174932913036,0.14848106205699274,-0.0019858703358662435,0.013127459305899754,108369,33,0.019216897684330658
hs2 chapter,hs2_export_any_gini,hs2_export_any,hs2_92,0.008072009612009228,0.005906266275163695,1.3666856921017345,0.1717238444738843,-0.0035042722873116147,0.01964829151133007,108369,33,0.019216897684330658
hs2 chapter,hs2_export_any_gini,hs2_export_any,hs2_93,-0.009060229061952496,0.009745389379865244,-0.9296939002428838,0.3525295935935364,-0.028161192246488373,0.010040734122583382,108369,33,0.019216897684330658
hs2 chapter,hs2_export_any_gini,hs2_export_any,hs2_94,0.006236263546390966,0.00459038196188381,1.358550028771836,0.17428921922792703,-0.0027608850989013015,0.015233412191683234,108369,33,0.019216897684330658
hs2 chapter,hs2_export_any_gini,hs2_export_any,hs2_95,0.006692832751714286,0.0048564812575203915,1.3781238713420865,0.16816504651071953,-0.0028258705130256813,0.016211536016454253,108369,33,0.019216897684330658
hs2 chapter,hs2_export_any_gini,hs2_export_any,hs2_96,0.008528720354556265,0.0063676027245990734,1.3393926605390198,0.18044287748454332,-0.003951780985657918,0.021009221694770448,108369,33,0.019216897684330658
hs2 chapter,hs2_export_any_gini,hs2_export_any,hs2_97,0.007888922209172047,0.006670140718163667,1.182722005802588,0.236919339913031,-0.00518455359842874,0.020962398016772833,108369,33,0.019216897684330658
hs2 chapter,hs2_export_share_gini,hs2_export_share,hs2_product_loo_gini_sum_z,0.0026364046500934033,0.0019509864536002635,1.3513187881075748,0.17659333609205163,-0.0011875287989631129,0.0064603380991499195,108369,33,0.4454364969395971
hs2 chapter,hs2_export_share_gini,hs2_export_share,hs2_import_value_share_z,0.009695330567564426,0.0040418176422367825,2.398755071542251,0.016450914393326483,0.0017733679887803333,0.01761729314634852,108369,33,0.4454364969395971
hs2 chapter,hs2_export_share_gini,hs2_export_share,hs2_02,0.010107922442619106,0.004757035272145949,2.124836555617826,0.03360025338682039,0.0007841333092130469,0.019431711576025166,108369,33,0.4454364969395971
hs2 chapter,hs2_export_share_gini,hs2_export_share,hs2_03,0.016359002613461748,0.013062917866812275,1.2523237748453984,0.21045190906809233,-0.00924431640549031,0.041962321632413806,108369,33,0.4454364969395971
hs2 chapter,hs2_export_share_gini,hs2_export_share,hs2_04,0.011064530099832841,0.006780930207355008,1.6317127239905198,0.10274001833304552,-0.0022260931065829753,0.024355153306248656,108369,33,0.4454364969395971
hs2 chapter,hs2_export_share_gini,hs2_export_share,hs2_05,-0.0005934078208108492,0.0003398373609772648,-1.7461523921454543,0.08078447488512412,-0.0012594890483262882,7.26734067045898e-05,108369,33,0.4454364969395971
hs2 chapter,hs2_export_share_gini,hs2_export_share,hs2_06,-0.0003406818434688385,0.0006542250219381718,-0.5207410784435497,0.6025471540739153,-0.0016229628864676553,0.0009415991995299781,108369,33,0.4454364969395971
hs2 chapter,hs2_export_share_gini,hs2_export_share,hs2_07,0.0018461241422482856,0.0010676594284040604,1.729132055722934,0.08378546316790741,-0.00024648833742367256,0.003938736621920244,108369,33,0.4454364969395971
hs2 chapter,hs2_export_share_gini,hs2_export_share,hs2_08,0.004294051569108561,0.0025061258041171484,1.7134221921557757,0.0866348964613251,-0.0006179550069610497,0.009206058145178171,108369,33,0.4454364969395971
hs2 chapter,hs2_export_share_gini,hs2_export_share,hs2_09,-0.0005472934274821655,0.0009204660137460538,-0.5945829822166119,0.5521222582637773,-0.002351406814424431,0.0012568199594600999,108369,33,0.4454364969395971
hs2 chapter,hs2_export_share_gini,hs2_export_share,hs2_10,0.003164866154073007,0.0017556298512820402,1.8026955692066178,0.07143603842685271,-0.00027616835443979157,0.006605900662585805,108369,33,0.4454364969395971
hs2 chapter,hs2_export_share_gini,hs2_export_share,hs2_11,-0.000789751065393151,0.00033603578927443324,-2.350199266269755,0.01876336314130307,-0.0014483812123710401,-0.0001311209184152618,108369,33,0.4454364969395971
hs2 chapter,hs2_export_share_gini,hs2_export_share,hs2_12,0.00232369783989839,0.0025027420298017896,0.9284607890979562,0.3531685983663046,-0.0025816765385131175,0.0072290722183098975,108369,33,0.4454364969395971
hs2 chapter,hs2_export_share_gini,hs2_export_share,hs2_13,-0.0009817790541331276,0.00037896646074598623,-2.5906753125343056,0.009578781856375448,-0.0017245533171952607,-0.00023900479107099454,108369,33,0.4454364969395971
hs2 chapter,hs2_export_share_gini,hs2_export_share,hs2_14,-0.0013762916885951269,0.00033041650094405825,-4.165323719193257,3.1091108199632506e-05,-0.002023908030445481,-0.0007286753467447727,108369,33,0.4454364969395971
hs2 chapter,hs2_export_share_gini,hs2_export_share,hs2_15,0.001974240613102768,0.0013157444427741815,1.500474217424913,0.13349160721986145,-0.0006046184947346273,0.004553099720940163,108369,33,0.4454364969395971
hs2 chapter,hs2_export_share_gini,hs2_export_share,hs2_16,0.00216304387347966,0.0014284293169645936,1.5142813493047869,0.12995449681814972,-0.0006366775877709435,0.0049627653347302635,108369,33,0.4454364969395971
hs2 chapter,hs2_export_share_gini,hs2_export_share,hs2_17,0.0013022916284410825,0.0013880094699041663,0.938244051411982,0.3481190047822274,-0.0014182069325710835,0.004022790189453248,108369,33,0.4454364969395971
hs2 chapter,hs2_export_share_gini,hs2_export_share,hs2_18,0.00029740366222140197,0.0006128229794452455,0.4853010937850682,0.6274627797286647,-0.0009037293774912792,0.001498536701934083,108369,33,0.4454364969395971
hs2 chapter,hs2_export_share_gini,hs2_export_share,hs2_19,0.0023900401415539894,0.0008500190144478628,2.8117490325865955,0.004927293175751263,0.0007240028732361785,0.0040560774098718005,108369,33,0.4454364969395971
hs2 chapter,hs2_export_share_gini,hs2_export_share,hs2_20,0.003453356372474318,0.001767373664508525,1.9539480766420918,0.050707358081275744,-1.0696009962390864e-05,0.006917408754911028,108369,33,0.4454364969395971
hs2 chapter,hs2_export_share_gini,hs2_export_share,hs2_21,0.0018183729274641716,0.0007259525145050531,2.504809737733217,0.012251727919014395,0.0003955059990342674,0.003241239855894076,108369,33,0.4454364969395971
hs2 chapter,hs2_export_share_gini,hs2_export_share,hs2_22,0.004534909171419202,0.0014217874619318067,3.1895830374376377,0.001424782001120031,0.001748205746032861,0.007321612596805542,108369,33,0.4454364969395971
hs2 chapter,hs2_export_share_gini,hs2_export_share,hs2_23,0.0022196723090376048,0.0017385615806661144,1.276729184471658,0.20169787423559574,-0.0011879083890679793,0.005627253007143189,108369,33,0.4454364969395971
hs2 chapter,hs2_export_share_gini,hs2_export_share,hs2_24,0.001411795958834389,0.0011392222014789519,1.2392630313924524,0.21524810465341537,-0.0008210795560643566,0.0036446714737331347,108369,33,0.4454364969395971
hs2 chapter,hs2_export_share_gini,hs2_export_share,hs2_25,0.0009680383352342493,0.000937693586288959,1.032361049909047,0.301903011368894,-0.0008698410938921103,0.002805917764360609,108369,33,0.4454364969395971
hs2 chapter,hs2_export_share_gini,hs2_export_share,hs2_26,0.006957991086359973,0.006811529995025671,1.0215019373681478,0.307016691679148,-0.006392607703890343,0.02030858987661029,108369,33,0.4454364969395971
hs2 chapter,hs2_export_share_gini,hs2_export_share,hs2_27,0.02376420539045247,0.03624418940698678,0.6556693853352242,0.5120368709960328,-0.047274405847241616,0.09480281662814656,108369,33,0.4454364969395971
hs2 chapter,hs2_export_share_gini,hs2_export_share,hs2_28,-0.0007992910119655596,0.002499985323347673,-0.3197182817438493,0.7491818998147193,-0.005699262245726999,0.00410068022179588,108369,33,0.4454364969395971
hs2 chapter,hs2_export_share_gini,hs2_export_share,hs2_29,0.012350297355928987,0.0056284512037138735,2.1942621351642484,0.028216569908809167,0.0013185329966497947,0.02338206171520818,108369,33,0.4454364969395971
hs2 chapter,hs2_export_share_gini,hs2_export_share,hs2_30,0.019272384515568286,0.005823126157881607,3.309628538527041,0.0009341986056725018,0.007859057246120337,0.030685711785016237,108369,33,0.4454364969395971
hs2 chapter,hs2_export_share_gini,hs2_export_share,hs2_31,-0.0005685948460632313,0.0010533555516573003,-0.5397938475461878,0.5893392104982694,-0.0026331717273115397,0.0014959820351850774,108369,33,0.4454364969395971
hs2 chapter,hs2_export_share_gini,hs2_export_share,hs2_32,0.0027547238699737134,0.001481021890190495,1.860015633948118,0.06288331409038302,-0.00014807903479965683,0.005657526774747084,108369,33,0.4454364969395971
hs2 chapter,hs2_export_share_gini,hs2_export_share,hs2_33,0.004070085346656542,0.0016448842435427167,2.474390135740178,0.013346386295555545,0.0008461122293128174,0.007294058464000267,108369,33,0.4454364969395971
hs2 chapter,hs2_export_share_gini,hs2_export_share,hs2_34,0.0015050212252521698,0.0009460366268321805,1.5908699331142797,0.11163885037369216,-0.0003492105633389039,0.003359253013843244,108369,33,0.4454364969395971
hs2 chapter,hs2_export_share_gini,hs2_export_share,hs2_35,0.0011991526860967634,0.0009767619967456012,1.227681554045027,0.2195665335495483,-0.0007153008275246151,0.003113606199718142,108369,33,0.4454364969395971
hs2 chapter,hs2_export_share_gini,hs2_export_share,hs2_36,-0.001138575320495419,0.0003228883712526293,-3.526219653183461,0.0004215371944823793,-0.0017714365281505725,-0.0005057141128402656,108369,33,0.4454364969395971
hs2 chapter,hs2_export_share_gini,hs2_export_share,hs2_37,-0.0007839302277201549,0.0005344670041325943,-1.4667514021607815,0.1424436942282254,-0.0018314855558200396,0.00026362510037973,108369,33,0.4454364969395971
hs2 chapter,hs2_export_share_gini,hs2_export_share,hs2_38,0.004019051637142242,0.0019175567377879093,2.0959231911847436,0.036089005089463645,0.00026064043107793975,0.007777462843206543,108369,33,0.4454364969395971
hs2 chapter,hs2_export_share_gini,hs2_export_share,hs2_39,0.01932189746951101,0.006978695643646081,2.768697541223637,0.00562808558208464,0.005643654007964693,0.033000140931057326,108369,33,0.4454364969395971
hs2 chapter,hs2_export_share_gini,hs2_export_share,hs2_40,0.005472128689164421,0.0024214151362812585,2.259888693670414,0.023828159806976706,0.0007261550220531545,0.01021810235627569,108369,33,0.4454364969395971
hs2 chapter,hs2_export_share_gini,hs2_export_share,hs2_41,0.0006173537560950556,0.0007565145789285122,0.8160500448906658,0.41447151357001644,-0.0008654148186048285,0.0021001223307949395,108369,33,0.4454364969395971
hs2 chapter,hs2_export_share_gini,hs2_export_share,hs2_42,0.0013747224518706161,0.0012223588549215697,1.1246471904184165,0.26073856816584645,-0.0010211009037756607,0.003770545807516893,108369,33,0.4454364969395971
hs2 chapter,hs2_export_share_gini,hs2_export_share,hs2_43,2.916593200700161e-05,0.0006861298593857951,0.042507889152514314,0.9660938228021518,-0.0013156485923891568,0.00137398045640316,108369,33,0.4454364969395971
hs2 chapter,hs2_export_share_gini,hs2_export_share,hs2_44,0.009177201027506342,0.0031530478705436445,2.9105809376512957,0.0036075751594505834,0.002997227201240799,0.015357174853771884,108369,33,0.4454364969395971
hs2 chapter,hs2_export_share_gini,hs2_export_share,hs2_45,-0.001327209246983713,0.0003309356953545452,-4.010474740604269,6.0596783264849234e-05,-0.0019758432098786216,-0.0006785752840888044,108369,33,0.4454364969395971
hs2 chapter,hs2_export_share_gini,hs2_export_share,hs2_46,-0.001348208023342508,0.00033123406434310026,-4.070257767769928,4.6961147889296376e-05,-0.0019974267894549845,-0.0006989892572300316,108369,33,0.4454364969395971
hs2 chapter,hs2_export_share_gini,hs2_export_share,hs2_47,0.002044948366921824,0.001425458898300994,1.4345894991144257,0.15140410869216836,-0.0007489510737481242,0.004838847807591772,108369,33,0.4454364969395971
hs2 chapter,hs2_export_share_gini,hs2_export_share,hs2_48,0.01456358922787764,0.006096915775208726,2.3886813865948575,0.01690895920363268,0.0026136343084685373,0.026513544147286745,108369,33,0.4454364969395971
hs2 chapter,hs2_export_share_gini,hs2_export_share,hs2_49,0.000470174977493408,0.0007366276539710931,0.6382803780970443,0.5232911826328437,-0.0009736152242899345,0.0019139651792767507,108369,33,0.4454364969395971
hs2 chapter,hs2_export_share_gini,hs2_export_share,hs2_50,-0.001188898278739873,0.00037268386161951864,-3.190098636344082,0.001422242428983234,-0.0019193586475141295,-0.00045843790996561655,108369,33,0.4454364969395971
hs2 chapter,hs2_export_share_gini,hs2_export_share,hs2_51,0.000783657764126767,0.0012973905779079364,0.604026094740435,0.5458262933159579,-0.0017592277685727885,0.0033265432968263226,108369,33,0.4454364969395971
hs2 chapter,hs2_export_share_gini,hs2_export_share,hs2_52,0.0005094680990835893,0.0018673742987884911,0.27282591359114255,0.784987038795068,-0.003150585526541853,0.004169521724709031,108369,33,0.4454364969395971
hs2 chapter,hs2_export_share_gini,hs2_export_share,hs2_53,-0.0015630575751889415,0.0004475458690533512,-3.4925081053593905,0.0004785070735201373,-0.0024402474785335097,-0.0006858676718443732,108369,33,0.4454364969395971
hs2 chapter,hs2_export_share_gini,hs2_export_share,hs2_54,0.0004964535298608728,0.0009759437331006253,0.5086907298268246,0.6109690212559067,-0.0014163961870163526,0.0024093032467380985,108369,33,0.4454364969395971
hs2 chapter,hs2_export_share_gini,hs2_export_share,hs2_55,-0.001395323163569656,0.0011112150296072498,-1.2556734082896828,0.2092344041671118,-0.0035733046215998656,0.0007826582944605535,108369,33,0.4454364969395971
hs2 chapter,hs2_export_share_gini,hs2_export_share,hs2_56,0.00014169307627451782,0.0005731094134567627,0.24723564636616743,0.8047258596034972,-0.000981601374100737,0.0012649875266497726,108369,33,0.4454364969395971
hs2 chapter,hs2_export_share_gini,hs2_export_share,hs2_57,-0.0001388208224919206,0.0005748399695992097,-0.24149472867850394,0.80917170151356,-0.0012655071629063715,0.0009878655179225305,108369,33,0.4454364969395971
hs2 chapter,hs2_export_share_gini,hs2_export_share,hs2_58,-0.0013088304925588815,0.0004936188742783209,-2.6515000960455852,0.008013509021634422,-0.0022763234861443906,-0.00034133749897337254,108369,33,0.4454364969395971
hs2 chapter,hs2_export_share_gini,hs2_export_share,hs2_59,0.00010502493907735336,0.0006364723097294261,0.16501101064711052,0.8689353156172771,-0.0011424607879923219,0.0013525106661470287,108369,33,0.4454364969395971
hs2 chapter,hs2_export_share_gini,hs2_export_share,hs2_60,-0.0005675586795482096,0.0005345577561459427,-1.061735000610967,0.2883560051953235,-0.0016152918815942573,0.00048017452249783795,108369,33,0.4454364969395971
hs2 chapter,hs2_export_share_gini,hs2_export_share,hs2_61,0.007109828200569287,0.004141218805086604,1.7168443724432962,0.08600761104612178,-0.0010069606574004564,0.01522661705853903,108369,33,0.4454364969395971
hs2 chapter,hs2_export_share_gini,hs2_export_share,hs2_62,0.008006242401266263,0.00383475588671474,2.087810186041663,0.03681496036625156,0.0004901208633053735,0.015522363939227153,108369,33,0.4454364969395971
hs2 chapter,hs2_export_share_gini,hs2_export_share,hs2_63,0.0010242544696660973,0.001049005087383656,0.9764056266120789,0.3288634943137502,-0.0010317955016058687,0.0030803044409380633,108369,33,0.4454364969395971
hs2 chapter,hs2_export_share_gini,hs2_export_share,hs2_64,0.0030142660225194262,0.0018535906919283694,1.6261767150888942,0.10391206807874084,-0.0006187717336601779,0.006647303778699031,108369,33,0.4454364969395971
hs2 chapter,hs2_export_share_gini,hs2_export_share,hs2_65,-0.0011532701068866467,0.0003334248923127715,-3.458860251515996,0.0005424662855879728,-0.001806782895819679,-0.0004997573179536146,108369,33,0.4454364969395971
hs2 chapter,hs2_export_share_gini,hs2_export_share,hs2_66,-0.0012587550646082322,0.0003384291716716176,-3.7194047380455117,0.00019969284381867367,-0.0019220762410846028,-0.0005954338881318618,108369,33,0.4454364969395971
hs2 chapter,hs2_export_share_gini,hs2_export_share,hs2_67,-0.0012354354322621915,0.00035076233856485536,-3.522143903239377,0.0004280717085953624,-0.001922929615849308,-0.000547941248675075,108369,33,0.4454364969395971
hs2 chapter,hs2_export_share_gini,hs2_export_share,hs2_68,0.0014541656487638836,0.0007930368418817984,1.8336672043045208,0.06670340967309238,-0.0001001865613244413,0.0030085178588522086,108369,33,0.4454364969395971
hs2 chapter,hs2_export_share_gini,hs2_export_share,hs2_69,0.0011654818605920658,0.001030325696130939,1.1311780973420957,0.2579801386981539,-0.0008539565038245748,0.0031849202250087065,108369,33,0.4454364969395971
hs2 chapter,hs2_export_share_gini,hs2_export_share,hs2_70,0.00272212788459748,0.0011685547051792007,2.3294826271569673,0.01983351229732058,0.0004317606624462465,0.005012495106748713,108369,33,0.4454364969395971
hs2 chapter,hs2_export_share_gini,hs2_export_share,hs2_71,0.013039283658462896,0.004810458100314356,2.7106116271152634,0.006715923835095811,0.0036107857818467592,0.022467781535079032,108369,33,0.4454364969395971
hs2 chapter,hs2_export_share_gini,hs2_export_share,hs2_72,0.02310509660532354,0.0062242962315759934,3.7120817753035067,0.0002055615462533228,0.010905475991434594,0.03530471721921249,108369,33,0.4454364969395971
hs2 chapter,hs2_export_share_gini,hs2_export_share,hs2_73,0.013449449323404456,0.004135729028052808,3.252014150873118,0.001145903166382353,0.005343420428420953,0.02155547821838796,108369,33,0.4454364969395971
hs2 chapter,hs2_export_share_gini,hs2_export_share,hs2_74,0.003445316568210711,0.0014927206802777145,2.3080785398978487,0.02099476854495562,0.0005195840348663906,0.006371049101555032,108369,33,0.4454364969395971
hs2 chapter,hs2_export_share_gini,hs2_export_share,hs2_75,-0.0003595753389479912,0.00060784746990988,-0.5915552120358454,0.5541484729330679,-0.001550956379971356,0.0008318057020753737,108369,33,0.4454364969395971
hs2 chapter,hs2_export_share_gini,hs2_export_share,hs2_76,0.0170060142961781,0.00670786830714197,2.5352337758437407,0.01123723065786574,0.0038585924141798372,0.03015343617817636,108369,33,0.4454364969395971
hs2 chapter,hs2_export_share_gini,hs2_export_share,hs2_78,-0.0010411129728072237,0.00032445780283787534,-3.2087777322693816,0.0013330049710129702,-0.0016770502663694593,-0.0004051756792449881,108369,33,0.4454364969395971
hs2 chapter,hs2_export_share_gini,hs2_export_share,hs2_79,-0.00024023254170821407,0.00045464439126834024,-0.528396580540733,0.5972241103588862,-0.001131335548594161,0.0006508704651777328,108369,33,0.4454364969395971
hs2 chapter,hs2_export_share_gini,hs2_export_share,hs2_80,-0.0012756747246051553,0.000325244284835666,-3.9222048905477522,8.774232836489124e-05,-0.0019131535228830605,-0.00063819592632725,108369,33,0.4454364969395971
hs2 chapter,hs2_export_share_gini,hs2_export_share,hs2_81,-0.0013468657646988492,0.0004949183643341047,-2.721389751845256,0.006500806524378564,-0.0023169057587936943,-0.0003768257706040041,108369,33,0.4454364969395971
hs2 chapter,hs2_export_share_gini,hs2_export_share,hs2_82,0.0012854956141566008,0.001056210480331548,1.2170828050797977,0.2235727122165334,-0.0007846769272932329,0.0033556681556064344,108369,33,0.4454364969395971
hs2 chapter,hs2_export_share_gini,hs2_export_share,hs2_83,0.001582882455731129,0.001023323979227849,1.546804812416783,0.12191031942912871,-0.00042283254355545514,0.003588597455017713,108369,33,0.4454364969395971
hs2 chapter,hs2_export_share_gini,hs2_export_share,hs2_84,0.07173843646097487,0.023154805302058712,3.098209444006707,0.0019469377937246677,0.0263550180689398,0.11712185485300994,108369,33,0.4454364969395971
hs2 chapter,hs2_export_share_gini,hs2_export_share,hs2_85,0.057238917287209014,0.020613068442205725,2.776826625676507,0.005489245072717477,0.016837303140485795,0.09764053143393223,108369,33,0.4454364969395971
hs2 chapter,hs2_export_share_gini,hs2_export_share,hs2_86,0.00045180728063396743,0.0005885448440510112,0.767668403182558,0.4426842124885114,-0.0007017406137060146,0.0016053551749739495,108369,33,0.4454364969395971
hs2 chapter,hs2_export_share_gini,hs2_export_share,hs2_87,0.04604756422923455,0.019223725805359342,2.3953506565515537,0.016604476965092586,0.008369061650730238,0.08372606680773886,108369,33,0.4454364969395971
hs2 chapter,hs2_export_share_gini,hs2_export_share,hs2_88,0.002395545317888339,0.0033784178957270393,0.7090731199707948,0.4782791026369828,-0.004226153757736658,0.009017244393513335,108369,33,0.4454364969395971
hs2 chapter,hs2_export_share_gini,hs2_export_share,hs2_89,0.0038314084377951267,0.002490625375196236,1.5383318888306319,0.12396748651297763,-0.0010502172975894951,0.008713034173179748,108369,33,0.4454364969395971
hs2 chapter,hs2_export_share_gini,hs2_export_share,hs2_90,0.018140057485438746,0.005959067917211203,3.0441098738019,0.0023336989147059134,0.006460284367704789,0.029819830603172705,108369,33,0.4454364969395971
hs2 chapter,hs2_export_share_gini,hs2_export_share,hs2_91,0.0007116461187600832,0.0023872395619517275,0.298104191176467,0.7656236428277163,-0.003967343422665303,0.005390635660185469,108369,33,0.4454364969395971
hs2 chapter,hs2_export_share_gini,hs2_export_share,hs2_92,-0.0012803666272921147,0.0003369143482455093,-3.800273374997708,0.00014453654875283775,-0.001940718749853313,-0.0006200145047309165,108369,33,0.4454364969395971
hs2 chapter,hs2_export_share_gini,hs2_export_share,hs2_93,-0.0008432234660843595,0.0003712324324288722,-2.2714164831110772,0.023121777515930815,-0.001570839033644949,-0.00011560789852377003,108369,33,0.4454364969395971
hs2 chapter,hs2_export_share_gini,hs2_export_share,hs2_94,0.008140017750706089,0.003183259688508173,2.5571327969540834,0.0105538918760242,0.0019008287612300697,0.014379206740182109,108369,33,0.4454364969395971
hs2 chapter,hs2_export_share_gini,hs2_export_share,hs2_95,0.0013489637990162868,0.0015363213781855584,0.8780479254994509,0.37991771100071087,-0.0016622261022274075,0.004360153700259981,108369,33,0.4454364969395971
hs2 chapter,hs2_export_share_gini,hs2_export_share,hs2_96,1.113500486731511e-05,0.0005544086711470399,0.020084470981085886,0.9839759880098228,-0.001075505990580883,0.0010977760003155132,108369,33,0.4454364969395971
hs2 chapter,hs2_export_share_gini,hs2_export_share,hs2_97,-0.0003558065480589314,0.0004952705637567302,-0.7184084298490602,0.47250549058114366,-0.0013265368530221227,0.0006149237569042598,108369,33,0.4454364969395971
hs2 chapter,hs2_export_value_intermediate_intensity,asinh_hs2_export_value,hs2_product_loo_gini_sum_z,-0.16708449330529007,0.06495085260654933,-2.5724757505098874,0.010097402934548076,-0.29438816441412674,-0.0397808221964534,108369,33,0.5861581919141001
hs2 chapter,hs2_export_value_intermediate_intensity,asinh_hs2_export_value,hs2_intermediate_import_share_z,0.3475371903929334,0.1066965206091834,3.2572495186222667,0.001124974961153449,0.13841200999893394,0.5566623707869329,108369,33,0.5861581919141001
hs2 chapter,hs2_export_value_intermediate_intensity,asinh_hs2_export_value,hs2_product_loo_gini_sum_x_intermediate_share_z,0.04665783726791158,0.03428115453903349,1.3610345945258537,0.17350275717232158,-0.02053322562859406,0.11384890016441723,108369,33,0.5861581919141001
hs2 chapter,hs2_export_value_intermediate_intensity,asinh_hs2_export_value,hs2_import_value_share_z,0.5090713842775254,0.13048812318445335,3.9012852040022086,9.568334012931337e-05,0.25331466283599685,0.764828105719054,108369,33,0.5861581919141001
hs2 chapter,hs2_export_value_intermediate_intensity,asinh_hs2_export_value,hs2_02,2.410317473777978,0.2336291110780211,10.316854191056034,5.912878553900343e-25,1.9524044160650564,2.868230531490899,108369,33,0.5861581919141001
hs2 chapter,hs2_export_value_intermediate_intensity,asinh_hs2_export_value,hs2_03,2.7319479366686616,0.5585191466930115,4.89141321805082,1.001145333965917e-06,1.637250409150359,3.8266454641869645,108369,33,0.5861581919141001
hs2 chapter,hs2_export_value_intermediate_intensity,asinh_hs2_export_value,hs2_04,2.4541553553296653,0.3710494731304163,6.614092009415359,3.7383917858378457e-11,1.7268983879940494,3.181412322665281,108369,33,0.5861581919141001
hs2 chapter,hs2_export_value_intermediate_intensity,asinh_hs2_export_value,hs2_05,-0.033082197049275223,0.469225661024048,-0.07050381042050415,0.9437926678225032,-0.9527644926564093,0.8866000985578589,108369,33,0.5861581919141001
hs2 chapter,hs2_export_value_intermediate_intensity,asinh_hs2_export_value,hs2_06,-0.388792882846436,0.3096283463330312,-1.2556759981796262,0.2092334647873515,-0.9956644416591771,0.21807867596630515,108369,33,0.5861581919141001
hs2 chapter,hs2_export_value_intermediate_intensity,asinh_hs2_export_value,hs2_07,1.8140824890632294,0.33084787318483466,5.483131783802511,4.178614990330664e-08,1.1656206576209536,2.462544320505505,108369,33,0.5861581919141001
hs2 chapter,hs2_export_value_intermediate_intensity,asinh_hs2_export_value,hs2_08,1.9667146929107775,0.39505675589751776,4.978309226588611,6.414212203700159e-07,1.1924034513516428,2.741025934469912,108369,33,0.5861581919141001
hs2 chapter,hs2_export_value_intermediate_intensity,asinh_hs2_export_value,hs2_09,0.80920705964143,0.3966116176567489,2.040300948374552,0.0413203604209928,0.031848289034202226,1.5865658302486578,108369,33,0.5861581919141001
hs2 chapter,hs2_export_value_intermediate_intensity,asinh_hs2_export_value,hs2_10,0.9216983476441769,0.441744802643624,2.086495058070335,0.03693380239382477,0.05587853446267388,1.7875181608256798,108369,33,0.5861581919141001
hs2 chapter,hs2_export_value_intermediate_intensity,asinh_hs2_export_value,hs2_11,0.22059415979040595,0.30304215309748167,0.7279322613558844,0.46665505330101154,-0.37336846028065807,0.81455677986147,108369,33,0.5861581919141001
hs2 chapter,hs2_export_value_intermediate_intensity,asinh_hs2_export_value,hs2_12,1.0506401371526743,0.4559564423792824,2.304255493507669,0.021208305730967412,0.15696551008928084,1.9443147642160679,108369,33,0.5861581919141001
hs2 chapter,hs2_export_value_intermediate_intensity,asinh_hs2_export_value,hs2_13,-1.4532704209990548,0.4814863810375523,-3.0183001601569925,0.002541969925953261,-2.3969837278326573,-0.5095571141654522,108369,33,0.5861581919141001
hs2 chapter,hs2_export_value_intermediate_intensity,asinh_hs2_export_value,hs2_14,-4.103940285856142,0.4637019904524117,-8.850383156328755,8.72193347387356e-19,-5.012796187142869,-3.195084384569415,108369,33,0.5861581919141001
hs2 chapter,hs2_export_value_intermediate_intensity,asinh_hs2_export_value,hs2_15,1.7436958470016122,0.4520635135609751,3.8571921747593536,0.00011469698539802805,0.857651360422101,2.6297403335811236,108369,33,0.5861581919141001
hs2 chapter,hs2_export_value_intermediate_intensity,asinh_hs2_export_value,hs2_16,2.0496424003494527,0.4197814616863556,4.88264153475378,1.0467405592644972e-06,1.2268707354441957,2.8724140652547097,108369,33,0.5861581919141001
hs2 chapter,hs2_export_value_intermediate_intensity,asinh_hs2_export_value,hs2_17,1.618887277366052,0.33115432064677885,4.888618920037633,1.015458488311769e-06,0.9698248088983655,2.2679497458337385,108369,33,0.5861581919141001
hs2 chapter,hs2_export_value_intermediate_intensity,asinh_hs2_export_value,hs2_18,1.382738138634037,0.28281279076367627,4.889234800520317,1.012286957780519e-06,0.8284250687372314,1.9370512085308424,108369,33,0.5861581919141001
hs2 chapter,hs2_export_value_intermediate_intensity,asinh_hs2_export_value,hs2_19,2.422569938538285,0.2925367904197377,8.281248779212806,1.2189024643631026e-16,1.849197829315599,2.995942047760971,108369,33,0.5861581919141001
hs2 chapter,hs2_export_value_intermediate_intensity,asinh_hs2_export_value,hs2_20,2.1330066453446963,0.3400831960076795,6.272014231766189,3.5640699479973706e-10,1.4664435811696444,2.7995697095197483,108369,33,0.5861581919141001
hs2 chapter,hs2_export_value_intermediate_intensity,asinh_hs2_export_value,hs2_21,2.5956310608862725,0.30575244607318214,8.489322307056884,2.078455481740161e-17,1.9963562665828354,3.1949058551897096,108369,33,0.5861581919141001
hs2 chapter,hs2_export_value_intermediate_intensity,asinh_hs2_export_value,hs2_22,2.935676584760288,0.304250846366459,9.648869082271585,4.970079554787876e-22,2.3393449258820285,3.532008243638548,108369,33,0.5861581919141001
hs2 chapter,hs2_export_value_intermediate_intensity,asinh_hs2_export_value,hs2_23,1.671036580649505,0.4475318376608633,3.7338943065673145,0.00018854164163922607,0.7938741788342131,2.5481989824647973,108369,33,0.5861581919141001
hs2 chapter,hs2_export_value_intermediate_intensity,asinh_hs2_export_value,hs2_24,0.9078050710507395,0.47265491628097317,1.920650859180079,0.05477573870462951,-0.018598564859967914,1.834208706961447,108369,33,0.5861581919141001
hs2 chapter,hs2_export_value_intermediate_intensity,asinh_hs2_export_value,hs2_25,1.639554064020166,0.47629406484766146,3.442314706450443,0.0005767588392719888,0.7060176969187496,2.5730904311215825,108369,33,0.5861581919141001
hs2 chapter,hs2_export_value_intermediate_intensity,asinh_hs2_export_value,hs2_26,0.43408206387255727,0.5601861815509993,0.7748889175929065,0.4384053013102168,-0.6638828519674014,1.532046979712516,108369,33,0.5861581919141001
hs2 chapter,hs2_export_value_intermediate_intensity,asinh_hs2_export_value,hs2_27,4.318936331564101,0.6389829279668982,6.759079378389652,1.3887130037605704e-11,3.066529792748981,5.571342870379222,108369,33,0.5861581919141001
hs2 chapter,hs2_export_value_intermediate_intensity,asinh_hs2_export_value,hs2_28,2.054556313940556,0.4380309441397257,4.690436466710401,2.7262287289748865e-06,1.1960156634266936,2.9130969644544185,108369,33,0.5861581919141001
hs2 chapter,hs2_export_value_intermediate_intensity,asinh_hs2_export_value,hs2_29,2.646197223956522,0.45004850016283315,5.879804561061963,4.107511733722344e-09,1.7641021636373693,3.528292284275675,108369,33,0.5861581919141001
hs2 chapter,hs2_export_value_intermediate_intensity,asinh_hs2_export_value,hs2_30,2.964595724285617,0.43837715508591957,6.762660165775682,1.3548077074634173e-11,2.1053765003172145,3.8238149482540194,108369,33,0.5861581919141001
hs2 chapter,hs2_export_value_intermediate_intensity,asinh_hs2_export_value,hs2_31,0.17659227199139335,0.40862452797699633,0.432162682122045,0.6656231798859625,-0.6243118028435194,0.9774963468263062,108369,33,0.5861581919141001
hs2 chapter,hs2_export_value_intermediate_intensity,asinh_hs2_export_value,hs2_32,1.8787504999918117,0.4399248252617742,4.270617142085297,1.9493279906613056e-05,1.0164978424787343,2.741003157504889,108369,33,0.5861581919141001
hs2 chapter,hs2_export_value_intermediate_intensity,asinh_hs2_export_value,hs2_33,2.56762986624956,0.315900383332325,8.127973252721352,4.3652750535653833e-16,1.9484651149182028,3.186794617580917,108369,33,0.5861581919141001
hs2 chapter,hs2_export_value_intermediate_intensity,asinh_hs2_export_value,hs2_34,2.061364424234522,0.32371615359800354,6.367814523072459,1.917405805540294e-10,1.426880763182435,2.6958480852866087,108369,33,0.5861581919141001
hs2 chapter,hs2_export_value_intermediate_intensity,asinh_hs2_export_value,hs2_35,0.8191472383279853,0.3755210818297793,2.1813615212668624,0.029156687330897987,0.08312591794161794,1.5551685587143527,108369,33,0.5861581919141001
hs2 chapter,hs2_export_value_intermediate_intensity,asinh_hs2_export_value,hs2_36,-1.2468927381180726,0.36467617282422266,-3.419177974973118,0.0006281062937362062,-1.961658036853549,-0.5321274393825962,108369,33,0.5861581919141001
hs2 chapter,hs2_export_value_intermediate_intensity,asinh_hs2_export_value,hs2_37,-0.1873294183939364,0.41443466530070117,-0.45201194320464455,0.6512603785335258,-0.9996213623833108,0.6249625255954379,108369,33,0.5861581919141001
hs2 chapter,hs2_export_value_intermediate_intensity,asinh_hs2_export_value,hs2_38,2.5733884229824118,0.3975677195217553,6.472830405038942,9.618389246570472e-11,1.7941556927197713,3.3526211532450523,108369,33,0.5861581919141001
hs2 chapter,hs2_export_value_intermediate_intensity,asinh_hs2_export_value,hs2_39,3.05662143701527,0.5225703764119164,5.8492053414943035,4.939270258841701e-09,2.032383499247914,4.0808593747826265,108369,33,0.5861581919141001
hs2 chapter,hs2_export_value_intermediate_intensity,asinh_hs2_export_value,hs2_40,2.389583658913628,0.4455249870849878,5.3635233223356655,8.161410831597209e-08,1.516354684227052,3.262812633600204,108369,33,0.5861581919141001
hs2 chapter,hs2_export_value_intermediate_intensity,asinh_hs2_export_value,hs2_41,1.0127284436980553,0.48141530922448694,2.1036481896046513,0.03540914702448406,0.06915443761806084,1.9563024497780497,108369,33,0.5861581919141001
hs2 chapter,hs2_export_value_intermediate_intensity,asinh_hs2_export_value,hs2_42,1.7338156766372539,0.42182775782212695,4.110245578879984,3.952385466696545e-05,0.9070332713058851,2.5605980819686227,108369,33,0.5861581919141001
hs2 chapter,hs2_export_value_intermediate_intensity,asinh_hs2_export_value,hs2_43,-0.5215600100043422,0.5500899612128327,-0.9481358446433235,0.3430603023956322,-1.599736333981494,0.5566163139728099,108369,33,0.5861581919141001
hs2 chapter,hs2_export_value_intermediate_intensity,asinh_hs2_export_value,hs2_44,2.327718695314034,0.35544272765578955,6.548786947100504,5.800631444919812e-11,1.6310509491086864,3.0243864415193813,108369,33,0.5861581919141001
hs2 chapter,hs2_export_value_intermediate_intensity,asinh_hs2_export_value,hs2_45,-3.8871050670398417,0.391527278746318,-9.928056812507338,3.143210808247793e-23,-4.654498533382625,-3.1197116006970584,108369,33,0.5861581919141001
hs2 chapter,hs2_export_value_intermediate_intensity,asinh_hs2_export_value,hs2_46,-2.705888661536065,0.3847781633112076,-7.032334263073938,2.031065003913181e-12,-3.4600538616260317,-1.951723461446098,108369,33,0.5861581919141001
hs2 chapter,hs2_export_value_intermediate_intensity,asinh_hs2_export_value,hs2_47,0.5547401137845955,0.411165816858119,1.3491883105059284,0.1772764884723138,-0.25114488725731765,1.3606251148265087,108369,33,0.5861581919141001
hs2 chapter,hs2_export_value_intermediate_intensity,asinh_hs2_export_value,hs2_48,2.8054584924179045,0.4315734066171664,6.500536060384573,8.003430103484563e-11,1.9595746154482583,3.6513423693875504,108369,33,0.5861581919141001
hs2 chapter,hs2_export_value_intermediate_intensity,asinh_hs2_export_value,hs2_49,2.227136702802632,0.354958331641105,6.2743609721900215,3.5107316641293284e-10,1.531418372786066,2.922855032819198,108369,33,0.5861581919141001
hs2 chapter,hs2_export_value_intermediate_intensity,asinh_hs2_export_value,hs2_50,-3.8512129133159765,0.7273312436430152,-5.29499172072719,1.1902180292933276e-07,-5.276782150856286,-2.4256436757756665,108369,33,0.5861581919141001
hs2 chapter,hs2_export_value_intermediate_intensity,asinh_hs2_export_value,hs2_51,0.1335001554456409,0.5323815632045641,0.2507602904992868,0.8019994443736524,-0.9099677084353047,1.1769680193265866,108369,33,0.5861581919141001
hs2 chapter,hs2_export_value_intermediate_intensity,asinh_hs2_export_value,hs2_52,0.798308192993182,0.5520094276049551,1.4461857951536479,0.14812509680804226,-0.28363028511252997,1.8802466710988939,108369,33,0.5861581919141001
hs2 chapter,hs2_export_value_intermediate_intensity,asinh_hs2_export_value,hs2_53,-2.0320643599306405,0.5000403559903474,-4.063800722455823,4.828004955004265e-05,-3.0121434576717214,-1.0519852621895596,108369,33,0.5861581919141001
hs2 chapter,hs2_export_value_intermediate_intensity,asinh_hs2_export_value,hs2_54,0.8736894311414284,0.4787817758533389,1.8248176417831286,0.06802855271139442,-0.06472284953111584,1.8121017118139726,108369,33,0.5861581919141001
hs2 chapter,hs2_export_value_intermediate_intensity,asinh_hs2_export_value,hs2_55,0.5645840981235886,0.4699841605079123,1.2012832464682257,0.22964134696910055,-0.3565848564719195,1.4857530527190965,108369,33,0.5861581919141001
hs2 chapter,hs2_export_value_intermediate_intensity,asinh_hs2_export_value,hs2_56,0.9365981819869371,0.48022979110472147,1.9503125364888025,0.0511388793524575,-0.004652208578316941,1.8778485725521912,108369,33,0.5861581919141001
hs2 chapter,hs2_export_value_intermediate_intensity,asinh_hs2_export_value,hs2_57,0.6987891900943624,0.39750420264809233,1.757941640463599,0.07875743971966642,-0.08031904709589854,1.4778974272846233,108369,33,0.5861581919141001
hs2 chapter,hs2_export_value_intermediate_intensity,asinh_hs2_export_value,hs2_58,-0.3690240723979255,0.4753424602813185,-0.7763330719067862,0.4375523507512547,-1.3006952945493098,0.5626471497534586,108369,33,0.5861581919141001
hs2 chapter,hs2_export_value_intermediate_intensity,asinh_hs2_export_value,hs2_59,0.8594237616362257,0.39467529380150906,2.177546391004776,0.02943982443185455,0.085860185785268,1.6329873374871835,108369,33,0.5861581919141001
hs2 chapter,hs2_export_value_intermediate_intensity,asinh_hs2_export_value,hs2_60,0.03658003985624982,0.5178985872899874,0.07063166564647826,0.9436909078000156,-0.9785011912321254,1.0516612709446251,108369,33,0.5861581919141001
hs2 chapter,hs2_export_value_intermediate_intensity,asinh_hs2_export_value,hs2_61,2.8238813230880475,0.45115135276291535,6.259277082500573,3.8676615222089114e-10,1.9396246716727334,3.7081379745033614,108369,33,0.5861581919141001
hs2 chapter,hs2_export_value_intermediate_intensity,asinh_hs2_export_value,hs2_62,2.8564563019423383,0.43773936544414305,6.525472752591248,6.778738084845362e-11,1.998487145671818,3.7144254582128586,108369,33,0.5861581919141001
hs2 chapter,hs2_export_value_intermediate_intensity,asinh_hs2_export_value,hs2_63,1.944824887662531,0.40255341456994337,4.831221937938919,1.3569763628117984e-06,1.1558201951054419,2.73382958021962,108369,33,0.5861581919141001
hs2 chapter,hs2_export_value_intermediate_intensity,asinh_hs2_export_value,hs2_64,2.2105784798388792,0.3869970423788148,5.712132749777035,1.1156900034781825e-08,1.4520642767764023,2.969092682901356,108369,33,0.5861581919141001
hs2 chapter,hs2_export_value_intermediate_intensity,asinh_hs2_export_value,hs2_65,-0.11184373623069359,0.39211158425111114,-0.2852344606046325,0.7754645207043063,-0.8803824413628714,0.6566949689014843,108369,33,0.5861581919141001
hs2 chapter,hs2_export_value_intermediate_intensity,asinh_hs2_export_value,hs2_66,-2.230391882121259,0.39811736732883757,-5.602347611926703,2.114679272680547e-08,-3.0107019220857807,-1.4500818421567376,108369,33,0.5861581919141001
hs2 chapter,hs2_export_value_intermediate_intensity,asinh_hs2_export_value,hs2_67,-2.65833906670814,0.4593732059187351,-5.786883153952194,7.170441861422026e-09,-3.5587105503088607,-1.7579675831074195,108369,33,0.5861581919141001
hs2 chapter,hs2_export_value_intermediate_intensity,asinh_hs2_export_value,hs2_68,1.671283168216563,0.45970989305605187,3.6355170803617782,0.0002774236107511826,0.7702517778267013,2.5723145586064247,108369,33,0.5861581919141001
hs2 chapter,hs2_export_value_intermediate_intensity,asinh_hs2_export_value,hs2_69,1.2720028292772818,0.4074365694513015,3.1219652938623046,0.0017964811545738717,0.4734271531527309,2.0705785054018326,108369,33,0.5861581919141001
hs2 chapter,hs2_export_value_intermediate_intensity,asinh_hs2_export_value,hs2_70,1.8951077402418353,0.3755370382754051,5.046393689807057,4.502272198588006e-07,1.1590551452220414,2.631160335261629,108369,33,0.5861581919141001
hs2 chapter,hs2_export_value_intermediate_intensity,asinh_hs2_export_value,hs2_71,2.759328459041287,0.4103724273032824,6.723961639367228,1.7684900964140217e-11,1.9549985015268536,3.563658416555721,108369,33,0.5861581919141001
hs2 chapter,hs2_export_value_intermediate_intensity,asinh_hs2_export_value,hs2_72,3.2301501765239946,0.5412627775626176,5.967804013920586,2.404679590686286e-09,2.169275132501264,4.291025220546725,108369,33,0.5861581919141001
hs2 chapter,hs2_export_value_intermediate_intensity,asinh_hs2_export_value,hs2_73,3.105303506188559,0.4601939546509662,6.747814643814204,1.5008850997304048e-11,2.2033233550726656,4.007283657304453,108369,33,0.5861581919141001
hs2 chapter,hs2_export_value_intermediate_intensity,asinh_hs2_export_value,hs2_74,2.2153060625084833,0.4367960483743295,5.071717271146166,3.942418106326895e-07,1.3591858076947974,3.071426317322169,108369,33,0.5861581919141001
hs2 chapter,hs2_export_value_intermediate_intensity,asinh_hs2_export_value,hs2_75,-0.8023741093533396,0.6044454125402133,-1.3274550401190417,0.18435820302462325,-1.9870871179321576,0.38233889922547837,108369,33,0.5861581919141001
hs2 chapter,hs2_export_value_intermediate_intensity,asinh_hs2_export_value,hs2_76,3.0856835994820426,0.4917234820841736,6.275241496304691,3.490920262965463e-10,2.1219055745970623,4.049461624367023,108369,33,0.5861581919141001
hs2 chapter,hs2_export_value_intermediate_intensity,asinh_hs2_export_value,hs2_78,-1.3019644381829536,0.4136843627657029,-3.1472411223828227,0.0016481898293985026,-2.1127857892037314,-0.4911430871621759,108369,33,0.5861581919141001
hs2 chapter,hs2_export_value_intermediate_intensity,asinh_hs2_export_value,hs2_79,-0.27623312348455736,0.4918476027447594,-0.5616234011165984,0.5743726331329717,-1.2402544248642857,0.6877881778951711,108369,33,0.5861581919141001
hs2 chapter,hs2_export_value_intermediate_intensity,asinh_hs2_export_value,hs2_80,-2.5502420715477574,0.4394503909656581,-5.803253618557031,6.504029756449434e-09,-3.411564837840447,-1.6889193052550677,108369,33,0.5861581919141001
hs2 chapter,hs2_export_value_intermediate_intensity,asinh_hs2_export_value,hs2_81,-0.4391611344524113,0.4811535679745032,-0.9127255073699939,0.36138692517051474,-1.3822221276824376,0.5038998587776149,108369,33,0.5861581919141001
hs2 chapter,hs2_export_value_intermediate_intensity,asinh_hs2_export_value,hs2_82,2.122808623340404,0.37792162858264894,5.6170604241460085,1.9423351323701907e-08,1.3820822313184125,2.863535015362396,108369,33,0.5861581919141001
hs2 chapter,hs2_export_value_intermediate_intensity,asinh_hs2_export_value,hs2_83,1.5359125922403438,0.38381444048912006,4.001706111638294,6.288737995770185e-05,0.7836362888816685,2.2881888955990193,108369,33,0.5861581919141001
hs2 chapter,hs2_export_value_intermediate_intensity,asinh_hs2_export_value,hs2_84,2.7845293290241573,0.876538088897585,3.1767351177245904,0.0014894300411952153,1.0665146747848908,4.502543983263424,108369,33,0.5861581919141001
hs2 chapter,hs2_export_value_intermediate_intensity,asinh_hs2_export_value,hs2_85,2.956090478556821,0.7384120507409754,4.003307469847585,6.246303671807403e-05,1.5088028591045093,4.403378098009132,108369,33,0.5861581919141001
hs2 chapter,hs2_export_value_intermediate_intensity,asinh_hs2_export_value,hs2_86,1.070025954667238,0.3786914541202072,2.8255878051253354,0.004719395134735207,0.32779070459163184,1.812261204742844,108369,33,0.5861581919141001
hs2 chapter,hs2_export_value_intermediate_intensity,asinh_hs2_export_value,hs2_87,3.9452804279635463,0.563659152844126,6.999408078545957,2.5704615958744537e-12,2.8405084883890592,5.050052367538033,108369,33,0.5861581919141001
hs2 chapter,hs2_export_value_intermediate_intensity,asinh_hs2_export_value,hs2_88,2.5371919106493013,0.37615703472608286,6.745033792859627,1.529914122831059e-11,1.7999241225861788,3.2744596987124237,108369,33,0.5861581919141001
hs2 chapter,hs2_export_value_intermediate_intensity,asinh_hs2_export_value,hs2_89,2.3583293319447387,0.5760878732034981,4.093697232039598,4.2454861524612586e-05,1.2291971004658826,3.4874615634235946,108369,33,0.5861581919141001
hs2 chapter,hs2_export_value_intermediate_intensity,asinh_hs2_export_value,hs2_90,3.4960620440021914,0.4231186817606954,8.26260383837051,1.4252865589592231e-16,2.6667494277512285,4.325374660253154,108369,33,0.5861581919141001
hs2 chapter,hs2_export_value_intermediate_intensity,asinh_hs2_export_value,hs2_91,0.7103453349908304,0.46535719450968716,1.526451816736753,0.12689738144473764,-0.20175476624815636,1.622445436229817,108369,33,0.5861581919141001
hs2 chapter,hs2_export_value_intermediate_intensity,asinh_hs2_export_value,hs2_92,-0.6596521828106643,0.4080617115384997,-1.6165500564206392,0.10597544003575739,-1.4594531374261237,0.14014877180479512,108369,33,0.5861581919141001
hs2 chapter,hs2_export_value_intermediate_intensity,asinh_hs2_export_value,hs2_93,-0.2186432641009516,0.48284397190355227,-0.4528238454318437,0.6506755915951311,-1.165017449031914,0.7277309208300109,108369,33,0.5861581919141001
hs2 chapter,hs2_export_value_intermediate_intensity,asinh_hs2_export_value,hs2_94,2.973073237358533,0.35653346619703963,8.338833571700258,7.502692049674179e-17,2.2742676436123355,3.671878831104731,108369,33,0.5861581919141001
hs2 chapter,hs2_export_value_intermediate_intensity,asinh_hs2_export_value,hs2_95,2.2562209319698736,0.36287064436205213,6.2177003486640325,5.044938006466187e-10,1.5449944690202515,2.9674473949194957,108369,33,0.5861581919141001
hs2 chapter,hs2_export_value_intermediate_intensity,asinh_hs2_export_value,hs2_96,1.313830515086432,0.3662927787262545,3.586831604093159,0.00033472032817822526,0.5958966687829732,2.031764361389891,108369,33,0.5861581919141001
hs2 chapter,hs2_export_value_intermediate_intensity,asinh_hs2_export_value,hs2_97,0.4889174327188652,0.47264525977455774,1.034427877161127,0.30093617759416563,-0.4374672764392679,1.4153021418769982,108369,33,0.5861581919141001
